XLWUW-121NGQ,,52XLWU-AS-008P,131.55.178.80
XLWUL-511KNY,,52XLWU-FS-GDBP,131.55.249.217
XLWUL-391395,,52XLWUW3-2007Y9,131.55.112.51
XLWUL3-470454,,52XLWUW3-431KMT,131.55.178.76
XLWUW-HSBLGHI,,52XLWUW3-530BG6,131.55.112.55
XLWUW-FZW52,,52XLWUW3-AFAS01,131.55.100.131
XLWUW-E39600,,52XLWUW3-AFAS02,131.55.100.132
XLWUW-950011,,52XLWUW3-AFAS06,131.55.100.136
XLWUW-431KSJ,,52XLWUW3-AFAS07,131.55.100.137
XLWUW-351DTG,,52XLWUW3-AFAS08,131.55.100.138
XLWUW-1016KB,,52XLWUW3-AFAS09,131.55.100.139
XLWUW-3510N5,,52XLWUW3-AFAS12,131.55.100.142
XLWUW-1016PT,,52XLWUW3-AFAS15,131.55.100.145
XLWUL-471DXF,,52XLWUW3-AFAS16,131.55.100.80
52XLWUW3-301SPR,,52XLWUW3-AFAS17,131.55.100.95
XLWUW-410692,,52XLWUW3-AFAS19,131.55.100.38
XLWUW-1016QZ,,TYNMDGSGSV00403,131.55.19.44
TYN53WEGWKY8703,,XLWUL-021Y37,131.55.135.117
XLWUL-490WDD1,,XLWUL-021Y3Y,131.55.184.97
XLWUW-021PR3,,XLWUL-021Y6B,131.55.139.61
XLWUL3-461PWP,,XLWUL-021Y71,131.55.170.67
52XLWUW3-450B5C,,XLWUL-021YS3,131.55.163.43
XLWUW-121X4V,,XLWUL-022D58,131.55.152.129
XLWUW-4121NS,,XLWUL-022FDJ,131.55.146.85
52XLWUW3-100M12,,XLWUL-022FFF,131.55.132.45
XLWUW-121N7F,,XLWUL-022FFJ,131.55.137.98
52XLWUW3-430XYY,,XLWUL-03282B,131.55.182.82
XLWUW-121NGR,,XLWUL-03283N,131.55.133.227
52XLWUW3-OS1PJL,,XLWUL-03287P,131.55.163.15
52XLWUW3-430XXZ,,XLWUL-060MNR,131.55.159.34
52XLWUW3-3906X8,,XLWUL-1216YR,131.55.20.54
XLWUL-015UWJ,,XLWUL-390NVT,131.55.159.41
52XLWUW3-4121N9,,XLWUL-4208TD,131.55.185.39
XLWUW-282XG0,,XLWUL-420T6D,131.55.185.44
XLWUL-015UMM,,XLWUL-4309PC,131.55.147.12
XLWUW-1016F9,,XLWUL-430BFW,131.55.153.106
52XLWUW3-4121KB,,XLWUL-43213F,131.55.197.86
XLWUW-351DTC,,XLWUL-432144,131.55.192.156
52XLWUW3-400R7M,,XLWUL-440QX6,131.55.159.127
XLWUW-4121MMM,,XLWUL-4422Z0,131.55.198.99
XLWUL-461PWD,,XLWUL-4422ZY,131.55.202.117
XLWUW-3614ML,,XLWUL-44230D,131.55.194.57
XLWUL3-461PWJ,,XLWUL-44230J,131.55.193.47
52XLWUW3-43205D,,XLWUL-460J85,131.55.20.47
52XLWUW3-431KQM,,XLWUL-460J8K,131.55.20.85
XLWUD-432L52,,XLWUL-461PTZ,131.55.194.43
XLWUW-2100LZ,,XLWUL-461PX0,131.55.198.95
52XLWUW3-350Q1P,,XLWUL-470MT4,131.55.159.28
XLWUW-373F7N,,XLWUL-47113N,131.55.196.68
TYN53WEGWK92F03,,XLWUL-490WBR,131.55.136.197
XLWUL-015US1,,XLWUL-490WDS,131.55.137.73
XLWUD-432L73,,XLWUL-493Z7P,131.55.137.78
52XLWUW3-4121JG,,XLWUL-4B0175,131.55.148.104
52XLWUW3-340TK1,,XLWUL-A04109,131.55.133.137
TYN53WEGWKN9005,,XLWUL-A10407,131.55.132.148
XLWUW-3510MS,,XLWUL-B92075,131.55.135.189
TYN53WEGWK8FF03,,XLWUL-BZ4T1N,131.55.159.133
52XLWUW3-4121NG,,XLWUL-PK3Z7S,131.55.153.99
XLWUW-390F7B,,XLWUT-072F9J,131.55.137.56
XLWUW-080SC9,,XLWUT-072F9K,131.55.137.55
XLWUL-OSOSM6,,XLWUT-458858,131.55.178.35
52XLWUW3-4121PD,,XLWUW-040QYW,131.55.192.215
XLWUW-200YTX,,XLWUW-100MQ3,131.55.136.22
TYN53WEGWK5F203,,XLWUW-1016CN,131.55.232.138
TYNSFSWKK90203,,XLWUW-1016LX,131.55.148.89
TYN53WEGWKY2903,,XLWUW-121NGD,131.55.137.111
XLWUW-121NBN,,XLWUW-152CKW,131.55.137.110
XLWUW-3510N0,,XLWUW-2229K4,131.55.24.115
TYNMDGSGWK02003,,XLWUW-331JJB,131.55.165.52
52XLWUW3-431KJ6,,XLWUW-331JJC,131.55.165.238
52XLWUL3-015UUD,,XLWUW-331JK7,131.55.165.244
XLWUL-470459,,XLWUW-331JKS,131.55.165.107
XLWUW-410J8S,,XLWUW-331JLJ,131.55.165.200
TYN53WEGWKY4103,,XLWUW-331JMD,131.55.165.253
52XLWUL3-950013,,XLWUW-331JN5,131.55.165.245
XLWUW-121NBP,,XLWUW-331JP4,131.55.165.229
XLWUW-5202R8,,XLWUW-331JR3,131.55.165.248
XLWUW-121NC7,,XLWUW-331JRM,131.55.146.108
XLWUW-100MQ3,,XLWUW-341KV2,131.55.165.152
52XLWUW3-010T5K,,XLWUW-402W5G,131.55.176.93
XLWUW-50463J,,XLWUW-402W5S,131.55.176.64
XLWUW-360X7K,,XLWUW-403086,131.55.165.174
XLWUL-021Y6W,,XLWUW-403086,131.55.165.174
XLWUW-DET223H3L,,XLWUW-410JKW,131.55.136.51
XLWUL-JBVPYM,,XLWUW-421NLZ,131.55.152.12
XLWUW-432D1T,,XLWUW-431YYF,131.55.136.56
XLWUW-1803D3,,XLWUW-432L7C,131.55.220.28
XLWUW-1016QV,,XLWUW-461GL9,131.55.24.73
XLWUW-410JM9,,XLWUW-471P8X,131.55.220.11
52XLWUW3-290T6N,,XLWUW-491S6G,131.55.192.224
TYNFSSAFRCWK303,,XLWUW-502NY1,131.55.135.88
XLWUW-3510MZ,,XLWUW-502NZ7,131.55.135.46
52XLWUW3-4121LK,,XLWUW-502NZG,131.55.135.79
TYNAMXSWK07NX03,,XLWUW-6331JP,131.55.165.142
XLWUW-3614MP,,XLWUW-7SXSD2,131.55.26.87
52XLWUW3-430XXX,,XLWUW-7WPSD2,131.55.24.144
52XLWUW3-370BFN,,XLWUW-OSOSK1,131.55.133.69
XLWUW-JSGBW52,,XLWU-WXA-101P,131.55.224.21
XLWUW-360X6F,,,
52XLWUW3-4121N8,,,
52XLWUW3-38092Q,,,
52XLWUW3-20264J,,,
52XLWUW3-131W0T,,,
52XLWUW3-131W0W,,,
XLWUW-101X95,,,
XLWUW-4121MZ,,,
52XLWUW3-1016QD,,,
52XLWUW3-20264Z,,,
XLWUW-0406WF,,,
52XLWUW3-131W0Z,,,
52XLWUW3-131W17,,,
XLWUW-2100M5,,,
XLWUW-351GLW,,,
XLWUW-1016KT,,,
52XLWUW3-20264P,,,
XLWUW-3510N3,,,
XLWUW3-510V25,,,
XLWUL-A14060,,,
XLWUW-200YV8,,,
XLWUL-4905X1,,,
TYN53WEGWK10B03,,,
XLWUW-391PMV,,,
XLWUW-3510MW,,,
XLWUW-411CFY,,,
XLWUW-1016CZ,,,
XLWUW-3510NB,,,
TYN53WEGWKY3503,,,
XLWUW-250VXF,,,
XLWUW-JSG6W52,,,
XLWUW-2007YD,,,
TYNCESAWK13903,,,
52XLWUW3-FZDCFX,,,
52XLWUW3-4121KX,,,
XLWUW-4121P8,,,
XLWUW-4121LR,,,
52XLWUW-391PN4,,,
XLWUL-022FF9,,,
52XLWUL3-A54091,,,
TYNMXSAFWKF1203,,,
XLWUL-4422Z0,,,
52XLWUW3-4121K7,,,
52XLWUW3-430XX5,,,
52XLWUW3-20264G,,,
XLWUL-212FY8,,,
XLWUW-5105TQ,,,
52XLWUW3-410LZR,,,
TYN53WEGWK26003,,,
XLWUW-200YTW,,,
XLWUW-121NC8,,,
XLWUW-121X6G,,,
52XLWUW3-20264L,,,
52XLWUW3-3906WT,,,
XLWUW-1016GT,,,
TYNLRDLGWKS1503,,,
XLWUL-451STM,,,
XLWUL-493XYH,,,
XLWUW-180XY2,,,
52XLWUW3-350Q3R,,,
52XLWUW3-43207T,,,
XLWUW-100M5M,,,
XLWUW-1016BD,,,
52XLWUW3-431KL6,,,
TYNMXSAMMO04003,,,
TYN53WEGWK05103,,,
XLWUW-391PN3,,,
XLWUW-OSOSK3,,,
XLWUL-J9SMK7,,,
52XLWUW3-131W0R,,,
XLWUL-511KPS,,,
52XLWUW3-OGUDM2,,,
52XLWUW3-131W13,,,
XLWUL-490WDS,,,
52XLWUW3-202RJ,,,
XLWUL-471DXZ,,,
TYNLRDLGWKT6103,,,
XLWUW-121X4W,,,
XLWUW-950010,,,
XLWUW-450B5D,,,
52XLWUL3-A95688,,,
XLWUW-04263D,,,
XLWUW-431Y50,,,
52XLWUW3-450B5F,,,
52XLWUL3-47046K,,,
XLWUL-391398,,,
TYN53WEGWK21203,,,
52XLWUW3-6M8GFX,,,
XLWUW-60X7Z,,,
XLWUL-461R1Z,,,
XLWUW-320058,,,
52XLWUW3-20263J,,,
XLWUW-3913B6,,,
XLWUW-32005Z,,,
TYNOOSSSWKO0903,,,
TYNSFSWKSFO2,,,
52XLWUW3-20264R,,,
XLWUL-471129,,,
52XLWUL3-015UMN,,,
TYNCESAWK02103,,,
XLWUW-199600,,,
52XLWUW3-391R25,,,
XLWUL-015UMZ,,,
XLWUW-530BGK,,,
XLWUW-350R4H,,,
XLWUW-060RCX,,,
XLWUL-015ULH,,,
52XLWUW3-431Y57,,,
52XLWUW3-271Y7N,,,
52XLWUL3-5Q4LMN,,,
XLWUW-1803DV,,,
52XLWUW3-431KLP,,,
XLWUW-121X9G,,,
TYNMDGSGWK17703,,,
XLWUW-K86C03,,,
XLWUW-950012,,,
XLWUL-43P41R,,,
XLWUW-1016GB,,,
XLWUW-411CFX,,,
XLWUL-451STP,,,
XLWUL-43213H,,,
52XLWUL3-JDGYDN,,,
XLWUL-03MPZX,,,
XLWUL-015UL3,,,
52XLWUW3-6YQGFX,,,
XLWUL-JBVPYX,,,
XLWUW-3906XB,,,
XLWUL-4500V4,,,
XLWUL-47044Z,,,
52XLWUW3-43203X,,,
XLWUW-4107MC,,,
XLWUL3-461PWL,,,
XLWUW-0428HS,,,
XLWUW-360X64,,,
52XLWUW3-350R0N,,,
TYNSFS03WKARM03,,,
52XLWUW3-3H0KCH,,,
52XLWUW3-OS1KBL,,,
TYNMXGWKM2V03,,,
XLWUW-461GL9,,,
XLWUW-121NDZ,,,
52XLWUW3-1803DL,,,
XLWUL3-461PVR,,,
XLWUW-180XY3,,,
52XLWUW3-431KL2,,,
52XLWUW3-431YYB,,,
XLWUL-470441,,,
XLWUW-480H39,,,
TYNMDGSGWK37903,,,
XLWUL-0310PJ,,,
XLWUW-391PMR,,,
TYNOACSDWKOB203,,,
52XLWUW3-242CVC,,,
52XLWUW3-FZHBFX,,,
XLWUL3-511KQR,,,
XLWUL-015URY,,,
52XLWUW3-271Y7K,,,
XLWUL3-511KPL,,,
XLWUL-015UKW,,,
XLWUW-121NCH,,,
XLWUL-JBVPZF,,,
TYNRHSWKCNF03,,,
XLWUL-451STC,,,
52XLWUW3-322607,,,
XLWUW-5202RL,,,
XLWUW-0428GV,,,
XLWUW-1016M2,,,
XLWUL-015UTG,,,
52XLWUL3-015US0,,,
XLWUW-AZY550,,,
XLWUW-320077,,,
TYNMXS307R403,,,
XLWUL-015UTH,,,
XLWUL-OS1OW1,,,
52XLWUW3-450B5L,,,
52XLWUL3-411XCN,,,
XLWUW-4504DT,,,
XLWUW-4121NK,,,
TYN53WEGWK7C703,,,
XLWUW-121NC2,,,
52XLWUW3-37086W,,,
52XLWUL3-471DY1,,,
52XLWUW3-6NCGFX,,,
XLWUL-015USD,,,
XLWUW-M02314,,,
XLWUL-42W81R,,,
52XLWUW3-4121MC,,,
XLWUW-1016G2,,,
52XLWUW3-3906YL,,,
52XLWUW3-431F4Y,,,
TYNSFS02WKARM03,,,
XLWUL-0310PB,,,
52XLWUW3-4121LW,,,
52XLWUW3-290T08,,,
XLWUW-2100MD,,,
52XLWUW3-5105RL,,,
XLWUW-121N9H,,,
XLWUW-3510MV,,,
52XLWUW3-43206C,,,
52XLWUW3-20264H,,,
XLWUW-121N99,,,
TYN53WEGWKX3203,,,
XLWUL-4103C6,,,
52XLWUW3-301SPS,,,
TYNCESAWK08303,,,
XLWUL-461PX0,,,
52XLWUW3-0307VQ,,,
XLWUL-JBVPVM,,,
XLWUL-015UTY,,,
52XLWUL3-461R25,,,
52XLWUW3-450B5J,,,
TYNMDGSGWK26903,,,
52XLWUW3-372CKW,,,
52XLWUW3-370BFG,,,
52XLWUL3-511KP5,,,
XLWUW-410LZ9,,,
XLWUW-121N97,,,
52XLWUW3-0406VW,,,
52XLWUW3-3906YM,,,
XLWUW-431KKL,,,
52XLWUW3-410J92,,,
52XLWUW3-22096N,,,
XLWUL-451STJ,,,
52XLWUW3-430XZP,,,
52XLWUL3-47045R,,,
XLWUL-451STS,,,
TYNRHSWKDBP03,,,
XLWUW-2208ZF,,,
XLWUW-431F2M,,,
TYN53WEGWK87903,,,
XLWUL-44230J,,,
XLWUW-60X87,,,
XLWUW-4121NP,,,
XLWUW-3614MQ,,,
52XLWUW3-1803FJ,,,
XLWUW-360X5W,,,
XLWUL-470483,,,
XLWUL-0310PP,,,
52XLWUW3-4121MW,,,
52XLWUW3-0209C1,,,
TYN372WKL6W03,,,
XLWUW-121N73,,,
TYN53WEGWK6D903,,,
XLWUW-51016M,,,
52XLWUW3-391R28,,,
TYNCESAWK06203,,,
52XLWUW3-3912ZG,,,
TYN53WEGWK8BC03,,,
XLWUL-491MTP,,,
TYNCESAWK11603,,,
XLWUW-051LNK,,,
XLWUL-493XJL,,,
TYNMDGSGWK41403,,,
TYN372WK0LH603,,,
52XLWUL3-470430,,,
52XLWUW3-20263W,,,
TYNMDGSGWK032P3,,,
XLWUL3-015USV,,,
XLWUW-DET223BC8,,,
XLWUL-471DYH,,,
XLWUW-370BF3,,,
XLWUL-015UU4,,,
XLWUW-370DFH,,,
XLWUW-373F77,,,
XLWUL-490W6L,,,
XLWUW-121NCN,,,
52XLWUW3-202642,,,
52XLWUW3-131W18,,,
XLWUW-121X9H,,,
XLWUW-4121NF,,,
XLWUW-1016GF,,,
XLWUW-3510N7,,,
52XLWUW3-G0HCFX,,,
52XLWUW3-4121P5,,,
52XLWUW3-431KPK,,,
XLWUW-121N9Z,,,
XLWUW-450C74,,,
52XLWUW3-6Z4GFX,,,
XLWUW-180L6V,,,
52XLWUW3-202647,,,
52XLWUW3-41068V,,,
52XLWUW3-5202RR,,,
XLWUL-430DHK,,,
TYNMDGSGWK072P3,,,
XLWUW-510V26,,,
52XLWUW3-71FJFX,,,
XLWUW-1016QR,,,
XLWUL-015UX7,,,
52XLWUW3-6N2JFX,,,
XLWUL-351G6G,,,
TYN53WEGWKY4003,,,
XLWUL-381ZFM,,,
TYNMDGSGWK075P3,,,
XLWUL-015UU2,,,
52XLWUW3-202651,,,
XLWUL-451STK,,,
TYNMDGSGWK221P3,,,
TYN53WEGWK12103,,,
52XLWUW3-290T6L,,,
XLWUL-373B0N,,,
TYN702LP03303,,,
TYN53WEGWKY5203,,,
XLWUW-121X78,,,
XLWUW-0MDFX1,,,
52XLWUW3-4319T8,,,
XLWUW-421NHK,,,
TYNCESAWK01803,,,
XLWUL-451STN,,,
52XLWUW3-131W19,,,
TYN53WEGWK24D03,,,
XLWUW-1803DG,,,
52XLWUW3-20263X,,,
TYNMDGSGWK03403,,,
TYN53WEGWK6AC03,,,
XLWUW-A431KHL,,,
XLWUW-950013,,,
TYNMDGSGWK026P3,,,
TYNMDGSGWK23603,,,
XLWUW-461DQ3,,,
XLWUL-430DHH,,,
52XLWUW3-391362,,,
52XLWUW3-3906XM,,,
XLWUL-015UK7,,,
XLWUW-3906X9,,,
TYNSFSWKK90303,,,
XLWUL-470462,,,
52XLWUW3-202643,,,
TYN53WEGWKN4903,,,
XLWUW-121N7R,,,
TYN53WEGFM11103,,,
52XLWUW3-4902VT,,,
52XLWUW3-340KFF,,,
XLWUW-289690,,,
52XLWUW3-202645,,,
XLWUW-311R2T,,,
XLWUL-03MPZY,,,
52XLWUW3-4107N0,,,
XLWUW-331JJP,,,
XLWUW-410LXR,,,
XLWUW-Z711AV,,,
XLWUW-2100LJ,,,
TYNMDGSGWK112P3,,,
52XLWUW3-131W11,,,
XLWUW-FYW52,,,
XLWUW-290T4Y,,,
XLWUL-PK0W50,,,
52XLWUW3-6RGFFX,,,
52XLWUW3-431WY5,,,
TYN16EWSWK00603,,,
52XLWUW3-480R8Z,,,
52XLWUL3-A95592,,,
XLWUW-39135P,,,
XLWUW-4121KV,,,
52XLWUW3-6MRHFX,,,
XLWUW-3414FT,,,
XLWUL-493XWW,,,
XLWUW-360X7Q,,,
TYNAMXSWK008003,,,
52XLWUW3-380XVZ,,,
52XLWUW3-6M5JFX,,,
52XLWUW3-431YXS,,,
52XLWUW3-431YYM,,,
TYNMDGSGWK213P3,,,
XLWUW-1016LV,,,
52XLWUW3-37086X,,,
XLWUW-360X67,,,
TYNMDGSGWK21603,,,
TYNLRDLGWKS2303,,,
XLWUW-4121M7,,,
XLWUW-5461DR,,,
TYNMDGSGWK23303,,,
XLWUW-JSGXW52,,,
XLWUW-546DSC,,,
52XLWUW3-131W0S,,,
XLWUW-351DXF,,,
XLWUW-121X85,,,
TYNLRDLGWKT5503,,,
TYNMDGSGWK34103,,,
TYNLMSI5WKAEF03,,,
XLWUW-121X6Q,,,
52XLWUW3-350270,,,
TYNMDGSGWK08703,,,
XLWUW-1016N8,,,
52XLWUW3-4107L9,,,
HQCUI2237116500,,,
52XLWUW3-6ZYGFX,,,
XLWUW-360X8G,,,
XLWUW-4121JS,,,
XLWUW-02HFX1,,,
TYN16EWSWK04E03,,,
XLWUW-101697,,,
52XLWUW3-2208ZP,,,
TYN53WEGWK7EC03,,,
52XLWUW3-290T7H,,,
XLWUW-MBGFX1,,,
52XLWUW3-210N39,,,
XLWUL-2531KX,,,
TYNMDGSGWK41103,,,
XLWUW-39135F,,,
TYN53WEGWKY1103,,,
XLWUL-3914CY,,,
XLWUW-121N8W,,,
TYNCESALP09203,,,
52XLWUW3-6Y0HFX,,,
52XLWUW3-20264N,,,
XLWUW-2007YL,,,
52XLWUW3-FZTBFX,,,
52XLWUW3-411L5D,,,
XLWUW-4902TY,,,
XLWUL-JBVPVR,,,
52XLWUW3-350Q3M,,,
XLWUW-431KVG,,,
52XLWUW3-6Z3JFX,,,
TYNMDGSGWK41703,,,
XLWUW-121N9N,,,
XLWUL-491QHO,,,
TYNCESAWK09203,,,
XLWUW-4121JD,,,
52XLWUW3-131W14,,,
TYN53WEGWKY7303,,,
52XLWUW3-321VDV,,,
XLWUL-031KVP,,,
TYN53WEGWKX1803,,,
52XLWUW3-431KMT,,,
XLWUW-450C99,,,
52XLWUW3-410J8V,,,
52XLWUW3-4121JN,,,
52XLWUW3-6MKHFX,,,
XLWUW-373F7D,,,
XLWUW-08JFX1,,,
52XLWUW3-321VDQ,,,
TYNMDGSGWK40103,,,
52XLWUW-201KHS,,,
52XLWUW3-FZLCFX,,,
52XLWUW3-6RHGFX,,,
XLWUW-121X4Y,,,
52XLWUW3-431KMH,,,
XLWUL-4461PV,,,
XLWUW-4121KW,,,
TYNMDGSGWK12103,,,
XLWUW-3510N8,,,
XLWUW-121X86,,,
XLWUW-121NFL,,,
XLWUW-411CG5,,,
52XLWUW3-71MGFX,,,
XLWUW-4121Q3,,,
XLWUW-360X5X,,,
XLWUW-4121K1,,,
XLWUL-JBVPVH,,,
XLWUT-458876,,,
XLWUW-1016LJ,,,
XLWUL-451STF,,,
XLWUL-4511KP,,,
TYNMDGSGWK42903,,,
XLWUW-350Q37,,,
XLWUW-121X51,,,
XLWUW-121N8G,,,
52XLWUW3-431KKM,,,
52XLWUW3-411L5J,,,
XLWUL3-47111Y,,,
XLWUW-431F64,,,
52XLWUW3-271Y83,,,
XLWUL-JBVRAD,,,
52XLWUW3-210N38,,,
52XLWUW3-431BJT,,,
52XLWUW3-372CKY,,,
52XLWUW3-2007Y8,,,
XLWUW-391R2V,,,
XLWUL-391396,,,
XLWUL-43005Y,,,
52XLWUW3-460Z8L,,,
XLWUW3-410J8M,,,
52XLWUW3-6ZGHFX,,,
52XLWUW3-350Q2P,,,
XLWUW-1016KL,,,
52XLWUW3-20264T,,,
52XLWUW3-2208ZD,,,
XLWUW-4316TN,,,
XLWUL-451ST7,,,
XLWUW-121X79,,,
XLWUW-0307RZ,,,
52XLWUW3-430XWR,,,
52XLWUW3-431Y4Q,,,
52XLWUL3-G376MN,,,
XLWUW-ZBGFX1,,,
TYNLRDLGWKT3503,,,
XLWUL-015UM1,,,
52XLWUW3-350Q39,,,
XLWUW-200YV2,,,
TYN53WEGFM11303,,,
TYNMDGSGWK01703,,,
XLWUW-101685,,,
TYNMDGSGWK16503,,,
TYN53WEGWK6C003,,,
52XLWUW3-3906YR,,,
TYNMDGSGWK13203,,,
XLWUW-391PN0,,,
XLWUL-493ZFS,,,
XLWUL-440QX6,,,
52XLWUW3-410M72,,,
XLWUL-43P51R,,,
XLWUW-351DTB,,,
XLWUW-121NG8,,,
52XLWUW3-322606,,,
TYN53WEGWKY5703,,,
XLWUL-44230L,,,
52XLWUW3-4121JC,,,
XLWUW-04261P,,,
XLWUW-331JRM,,,
52XLWUW3-431KJZ,,,
52XLWUW3-Z7JFX1,,,
XLWUW-RXZ963,,,
52XLWUW3-AFAS15,,,
XLWUW-1350Q2,,,
XLWUW-373F7R,,,
XLWUW-121N9W,,,
TYNRHSWKR2N03,,,
52XLWUL3-BHHZQ1,,,
XLWUW-152CKR,,,
52XLWUW3-251NTH,,,
XLWUW-0406VJ,,,
TYN53WEGWKY4803,,,
TYNMDGSGWK01903,,,
52XLWUW3-202648,,,
TYN53WEGWKN9703,,,
XLWUW-432059,,,
TYNMXGWKM6V03,,,
52XLWUL3-4126W4,,,
XLWUW-1016GZ,,,
52XLWUW3-OGR001,,,
TYNMXGWK47G03,,,
TYNMDGSGWK28703,,,
XLWUW-1VV1X52,,,
XLWUL-Q90YV1,,,
XLWUW-121X54,,,
XLWUW-1016CP,,,
52XLWUL3-015UN7,,,
TYNMXGWK7VR03,,,
52XLWUW3-400QS0,,,
XLWUW-3510N2,,,
XLWUW-152CKVA,,,
52XLWUW3-G02FFX,,,
XLWUW-0428G6,,,
TYNMDGSGWK031P3,,,
52XLWUW3-38092V,,,
XLWUW-450C8H,,,
TYNMDGSGWK21703,,,
XLWUL-42V81R,,,
XLWUW-431KQK,,,
XLWUW-320061,,,
XLWUW-4504DD,,,
TYN53WEGWKN9026,,,
52XLWUW3-390DBM,,,
TYNMDGSGWK12703,,,
XLWUL-4221L3,,,
52XLWUW3-6Y6HFX,,,
TYNMDGSGWK06103,,,
TYN372TRS003003,,,
TYNMDGSGWK15703,,,
XLWUW-360X7C,,,
XLWUL-JTYWMX,,,
XLWUW-0307VZ,,,
52XLWUL3-A95659,,,
52XLWUW3-6ZQFFX,,,
52XLWUW3-20264Y,,,
52XLWUW3-202644,,,
XLWUL-037V21,,,
TYN53WEGWK29603,,,
TYN53WEGLPX2103,,,
TYNCESAWK32403,,,
TYNMDGSGWK18903,,,
XLWUW-460N1T,,,
XLWUW3-20263N,,,
XLWUW-JSF7W52,,,
XLWUW-201KHP,,,
XLWUL-340S2R,,,
XLWUL-440QXL,,,
XLWUL-491DWJ,,,
52XLWUW3-431F55,,,
52XLWUW3-OS1KBK,,,
XLWUW-0307Q6,,,
TYNMDGSGWK40703,,,
XLWUW-391PN1,,,
XLWUL-490WB2,,,
52XLWUW3-431KL0,,,
TYNMDGSGWK36503,,,
XLWUW3-510V1X,,,
TYNDS2XWK7R503,,,
52XLWUW3-380N7B,,,
XLWUL-391397,,,
52XLWUW3-100M7T,,,
XLWUW-121N8V,,,
XLWUW-SDFW52,,,
52XLWUW3-380N79,,,
TYNRHSWKP1V03,,,
52XLWUW3-271Y80,,,
TYNMDGSGWK31503,,,
XLWUW-OS1CSS,,,
52XLWUW3-410LX4,,,
XLWUW-546DQV,,,
52XLWUL3-A95647,,,
XLWUL-493Z7Y,,,
XLWUW-3309YD,,,
XLWUL-410397,,,
XLWUW-1016BK,,,
XLWUW-0209FH,,,
TYNMDGSGWK17803,,,
XLWUW-500S98,,,
XLWUW-1016CN,,,
XLWUL-391399,,,
XLWUW-402W5G,,,
XLWUW-451KD5,,,
XLWUL3-015UT6,,,
XLWUW-121N9L,,,
XLWUL-121X6N,,,
52XLWUW3-430XY8,,,
XLWUW-410JKW,,,
52XLWUW3-1803G1,,,
XLWUW-450C84,,,
TYN53WEGWKY7403,,,
52XLWUW3-950027,,,
XLWUW-3906XP,,,
52XLWUW3-431BGR,,,
52XLWUW3-950004,,,
XLWUL-PK27RY,,,
TYNCESAWK07003,,,
XLWUW-250VX8,,,
52XLWUW3-430XX6,,,
TYN53WEGWKY9703,,,
TYNDS2XWKS5H03,,,
XLWUW-DET223H3G,,,
XLWUL-PK0WDL,,,
XLWUL-391391,,,
52XLWUL3-471DXQ,,,
XLWUW-410694,,,
52XLWUW3-6YYHFX,,,
XLWUL3-5Q2JMN,,,
TYN53WEGWKY9803,,,
52XLWUW3-391R2J,,,
52XLWUW3-3906YJ,,,
TYNSFSS3T19UH,,,
52XLWUW3-431YYK,,,
XLWUW-410M90,,,
XLWUW-410698,,,
XLWUW-472PYK1,,,
XLWUW-GRW52,,,
XLWUW-373F65,,,
XLWUW-DET2233J2,,,
XLWUW-121NDN,,,
XLWUW-JSH8W52,,,
TYNMDGSGWK11503,,,
52XLWUW3-391R2Q,,,
XLWUL-042BM4,,,
XLWUW-360X7G,,,
XLWUW-351DTJ,,,
XLWUW-41068S,,,
TYNOOSSSWKO0803,,,
TYN53WEGWK2CF03,,,
XLWUL-260JC7,,,
52XLWUW3-2326X1,,,
TYNMDGSGWK23203,,,
52XLWUW3-391R2F,,,
52XLWUW3-450C71,,,
XLWUW-421NC7,,,
XLWUL-471DY7,,,
TYNMDGSGWK15103,,,
52XLWUW3-350Q35,,,
TYNMXSWK01BD03,,,
TYNMDGSGWK07703,,,
TYN53WEGWK5E003,,,
52XLWUL3-B85325,,,
52XLWUW3-6ZTHFX,,,
XLWUW-290T5T,,,
XLWUW-391PN5,,,
XLWUW-430XZB,,,
XLWUW-JSDZW52,,,
XLWUL-471DYP,,,
XLWUW-290T2T,,,
52XLWUW3-4504DX,,,
52XLWUW3-411L5G,,,
TYNLRDLGWKT2703,,,
XLWUW-451KD8,,,
XLWUW-121N70,,,
52XLWUW3-3906YG,,,
52XLWUW3-202640,,,
TYNCESAWK05403,,,
XLWUL-PK1MS7,,,
XLWUL-471DYL,,,
XLWUW-290SZP,,,
XLWUL-42WR14,,,
XLWUW-361X79,,,
XLWUL-410JL5,,,
52XLWUW3-FXZCFX,,,
XLWUL-PK0WBN,,,
XLWUW-3906XK,,,
XLWUW-100MRK,,,
52XLWUW3-411L5N,,,
TYNMDGSGWK03503,,,
52XLWUL3-JBVPXY,,,
52XLWUW3-431YY8,,,
XLWUW-7WPSD2,,,
TYN16EWSWK00903,,,
TYNMDGSGWK11203,,,
52XLWUW3-350Q1Z,,,
XLWUW-3217XG,,,
XLWUW-OSOSK2,,,
XLWUW-DHNVV1,,,
TYNSFS03WKSFO03,,,
52XLWUW3-100M2S,,,
XLWUW-2360X7,,,
XLWUL-471DYK,,,
52XLWUW3-431KQ4,,,
XLWUW-500S97,,,
TYNMDGSGWK17903,,,
XLWUL-3914FD,,,
XLWUW-460Z8X,,,
TYN53WEGWK16003,,,
52XLWUW3-3414FQ,,,
52XLWUW3-350Q2Z,,,
XLWUL-471DZ5,,,
52XLWUW3-431Y56,,,
XLWUL-015UVD,,,
XLWUW-391R27,,,
XLWUW-431YTJ,,,
XLWUW-250VX4,,,
XLWUW-121N9C,,,
TYNMDGSGWK43603,,,
52XLWUL3-47046D,,,
XLWUL-A14074,,,
TYN16EWSWK01803,,,
TYNRHSWK04503,,,
52XLWUW3-242CV2,,,
52XLWUW3-422G5N,,,
XLWUW-121N7D,,,
XLWUL-451ST9,,,
XLWUL-410JKZ,,,
XLWUL-0310PG,,,
XLWUW3-43205G,,,
XLWUW-DET223ZHR,,,
XLWUL-A04109,,,
XLWUW-410JLZ,,,
XLWUW-1016JH,,,
XLWUW-0406WG,,,
52XLWUW3-431YYF,,,
TYN53WEGWK2C503,,,
XLWUW-311R3G,,,
XLWUW-431KPP,,,
XLWUW-39139L,,,
XLWUL3-A13019,,,
52XLWU-CM-006V,,,
XLWUW-3510N6,,,
TYNMDGSGWK16303,,,
XLWUW-290T70,,,
XLWUL-A10407,,,
52XLWUW3-4121L2,,,
52XLWUW3-271Y7L,,,
52XLWUW3-3906XZ,,,
52XLWUL3-950030,,,
52XLWUW3-431Y4V,,,
XLWUL-015UKR,,,
TYNFSSWKSDA4703,,,
XLWUL-47049N,,,
52XLWUW3-0209H6,,,
XLWUL-491DTT,,,
TYNRHSWKQB503,,,
XLWUW-360X5L,,,
XLWUW-911M803,,,
XLWUW-361X6D,,,
XLWUL-A19967,,,
52XLWUL3-221DR6,,,
XLWUL-44230D,,,
52XLWUW3-391R2C,,,
XLWUW-3309Y6,,,
XLWUW-350P0D,,,
XLWUL-1910XV,,,
XLWUW-3309YB,,,
XLWUW-373F6D,,,
XLWUL-D5PWZK,,,
TYNMDGSGWK09103,,,
XLWUW-331JLJ,,,
XLWUW-121X8M,,,
52XLWUL3-A95623,,,
XLWUW-3911M9,,,
TYNMDGSGWK109P3,,,
XLWUW-121X7K,,,
XLWUL-3W17HK,,,
52XLWUW3-431KHX,,,
XLWUW-121NCZ,,,
52XLWUW3-6NQHFX,,,
XLWUW-421NC5,,,
XLWUW-JSH0X52,,,
TYN53WEGWKY6903,,,
TYNLRDLGWKT3703,,,
TYNAOCLP3005H03,,,
XLWUW-510V2X,,,
TYNLMSI7WK75603,,,
XLWUD-432L51,,,
TYNMXSAFWKMP303,,,
52XLWUW3-2007Y9,,,
XLWUL-022FFJ,,,
XLWUW-121NBF,,,
TYNMDGSGWK41903,,,
XLWUW-410693,,,
XLWUL-015UVF,,,
52XLWUW3-410M7W,,,
XLWUL-493ZG2,,,
52XLWUW3-437968,,,
XLWUW-3906Y0,,,
52XLWUW3-431YXX,,,
XLWUW-0307VY,,,
TYNMDGSGWK14903,,,
XLWUW-504601,,,
TYN702LP03903,,,
52XLWUW3-243203,,,
XLWUL-015UR7,,,
XLWUW-290T11,,,
XLWUW-290T0T,,,
XLWUW-372CKV,,,
XLWUW-480R61,,,
TYNMDGSGWK26703,,,
52XLWUW3-202650,,,
52XLWUW3-321VDP,,,
52XLWUW3-430XWM,,,
TYNFWMEOWK00603,,,
52XLWUW3-422G4J,,,
52XLWUW3-408727,,,
XLWUW-2007YG,,,
XLWUW-422G47,,,
TYN53WEGWKY2703,,,
52XLWUW3-39135J,,,
52XLWUW3-431KJR,,,
TYNMDGSGWK43203,,,
XLWUW-391R2T,,,
XLWUW-MR03,,,
XLWUW-472PX9,,,
XLWUW-3914CZ,,,
XLWUL-430RS6,,,
XLWUL-491DX0,,,
XLWUL-461PXV,,,
52XLWUW3-20264M,,,
TYNMDGSGWK24303,,,
XLWUL-B92075,,,
TYN702LP04303,,,
52XLWUW3-510GPN,,,
XLWUW-121N7Y,,,
52XLWUW3-20263P,,,
XLWUW-10169P,,,
52XLWUW3-391R2Y,,,
XLWUL-370Y14,,,
XLWUL-JBVPWV,,,
52XLWUW3-6Z5HFX,,,
XLWUW-121N7V,,,
XLWUL-015ULW,,,
52XLWUW3-2007Y6,,,
TYNMDGSGWK43903,,,
TYN53WEGWK90403,,,
52XLWUW3-480H2J,,,
XLWUW-10167R,,,
52XLWUW3-422G4W,,,
XLWUD-460N59,,,
XLWUW-271Y7R,,,
XLWUL-015UTN,,,
XLWUW-0428MH,,,
TYN53WEGWK95303,,,
TYNDS2XWKGNK03,,,
XLWUL-200YV7,,,
XLWUW-4227L2,,,
XLWUL-391392,,,
XLWUW-4319VZ,,,
XLWUL-022DWQ,,,
52XLWUW3-950008,,,
XLWUW-4227L5,,,
XLWUD-460N4Z,,,
52XLWUL3-950009,,,
XLWUW-1016DG,,,
XLWUW-461GKP,,,
TYNMDGSGWK17203,,,
XLWUW-421NC9,,,
XLWUL-451STB,,,
XLWUW-1016MP,,,
XLWUL-2015XF,,,
XLWUD-432LC4,,,
XLWUL-031KWB,,,
TYNMDGSGWK14303,,,
52XLWUW3-422G51,,,
XLWUW-422G5W,,,
XLWUL-022DPZ,,,
XLWUW-JSGDW52,,,
52XLWUW3-2604WS,,,
XLWUW-56RR74,,,
52XLWUW3-G02BFX,,,
XLWUL-471DYT,,,
52XLWUW3-20263S,,,
XLWUL-511KNB,,,
XLWUL-440QXN,,,
52XLWUW3-J20EZN,,,
52XLWUW3-430XWZ,,,
XLWUW-373F6M,,,
XLWUD-432L4Q,,,
XLWUW-491S30,,,
XLWUL-493XWN,,,
XLWUL-410JD8,,,
XLWUW-020107A,,,
52XLWUW3-431YYJ,,,
XLWUW-121NF3,,,
52XLWUW3-450B5K,,,
TYNMOSMXOSWK503,,,
XLWUW-491W9P,,,
52XLWUW3-FYZDFX,,,
52XLWUW3-422G5J,,,
XLWUW-121NGC,,,
XLWUW-3911M5,,,
52XLWUW3-FZWDFX,,,
XLWUW-4263H1,,,
XLWUL-470MT4,,,
52XLWUW3-4319VL,,,
52XLWUW3-70ZGFX,,,
52XLWUL3-015US4,,,
52XLWUW3-FZNDFX,,,
XLWUW-290T2L,,,
XLWUW-402W80,,,
XLWUL-022DY8,,,
XLWUL-015UWP,,,
52XLWUW3-411L5L,,,
52XLWUW3-480R66,,,
52XLWUW3-410KXF,,,
52XLWUW3-4227L6,,,
XLWUW3-510V2Q,,,
52XLWUW3-422G50,,,
XLWUW-420915,,,
XLWUL-JBVPWE,,,
TYNMDGSGWK07303,,,
XLWUW-B4VSD2,,,
52XLWUW3-422G48,,,
XLWUW-4227L0,,,
XLWUW-461GJW,,,
52XLWUW3-422G4M,,,
XLWUL-0327V9,,,
52XLWUL3-47048Z,,,
XLWUL-430DHD,,,
XLWUW-491S6Q,,,
XLWUW-290T5Q,,,
TYN53WEGWK35103,,,
XLWUW-7SXSD2,,,
52XLWUW3-422G45,,,
XLWUL-015UU3,,,
XLWUL-471DYG,,,
52XLWUW3-0209CM,,,
XLWUL-D223L01,,,
XLWUL-015US4,,,
XLWUW-3906XW,,,
XLWUL-015UNM,,,
XLWUL-490WFX,,,
XLWUW-372G9D,,,
XLWUW-1803G6,,,
XLWUW-432LCW,,,
XLWUL-471DYY,,,
XLWUL-451STG,,,
XLWUL-340S2P,,,
TYNLRDLGWKSA203,,,
XLWUL-PK1MRH,,,
XLWUD-432L7F,,,
XLWUL-015ULD,,,
52XLWUW3-480H1K,,,
TYNACSDOAWK0603,,,
XLWUD-432LCX,,,
52XLWUW3-480R8W,,,
TYNMDGSGWK22903,,,
XLWUL-015UUC,,,
XLWUL-022NGM,,,
TYNAOCWK2UA0411,,,
52XLWUW3-20263T,,,
52XLWUW3-390NDW,,,
XLWUL3-015UUL,,,
XLWUD-432L53,,,
XLWUW-10169G,,,
52XLWUW3-20263Y,,,
XLWUW-421NK9,,,
TYNDS2XWK7TM03,,,
XLWUW-421NLX,,,
52XLWUW3-311R2Q,,,
XLWUL-47111V,,,
XLWUL-015ULQ,,,
XLWUL-022D3M,,,
TYNMDGSGWK40303,,,
XLWUL-015UN0,,,
XLWUW-460N1K,,,
XLWUW-290T4D,,,
XLWUL-03282R,,,
XLWUL-4422YZ,,,
XLWUL-015URS,,,
XLWUW-1016CY,,,
XLWUW-1016JV,,,
52XLWUL3-470485,,,
TYNMDGSGWK42403,,,
XLWUW-460N4C,,,
XLWUL-493Z79,,,
XLWUW-3510MY,,,
TYNLRDWKLGR0703,,,
52XLWU-CM-005V,,,
52XLWUW3-480R5P,,,
XLWUL-JBVPZD,,,
XLWUL-0327ZC,,,
XLWUW-432L7N,,,
XLWUL-015UVR,,,
XLWUL-060MM8,,,
XLWUL-430DHF,,,
TYN53WEGWK1FE03,,,
TYNLRDLGWKS1103,,,
52XLWUL3-950004,,,
XLWUL-493Z7P,,,
TYNMDGSGWK076P3,,,
XLWUW3-422G56,,,
XLWUL-47049Q,,,
TYNMDGSGWK13303,,,
XLWUL-430RS9,,,
XLWUW-480H4B,,,
XLWUW-4124PM,,,
XLWUW-431YYS,,,
XLWUL-430DHJ,,,
52XLWUL3-JBVPXZ,,,
52XLWUW3-290T6F,,,
52XLWUW3-HQNJN1,,,
XLWUL-PK1DTD,,,
52XLWUW3-OGCFR1,,,
XLWUL-4422ZY,,,
XLWUW-480R9G,,,
XLWUW-4227KZ,,,
XLWUW-480R81,,,
XLWUL-015UUB,,,
52XLWUL3-47047N,,,
XLWUW-290T4L,,,
XLWUW-480H20,,,
XLWUL-200YV3,,,
XLWUW-431F5W,,,
TYNMDGSGWK16903,,,
XLWUW-101681,,,
52XLWUW3-480H1N,,,
52XLWUW3-422G5L,,,
XLWUW-95V073,,,
52XLWUW3-422G5G,,,
XLWUW-0209H0,,,
52XLWUW3-431KHH,,,
XLWUW-290T44,,,
XLWUL-015UWF,,,
XLWUW-391PMP,,,
XLWUW-DET2230H3,,,
TYNMDGSGWK03303,,,
TYN53WEGWK2E603,,,
XLWUW-403086,,,
52XLWUW3-4121LD,,,
52XLWUW3-422G43,,,
XLWUL-511KPC,,,
52XLWUW3-431YY1,,,
XLWUW-290T27,,,
XLWUL3-015UTS,,,
52XLWUW3-410LZL,,,
XLWUL-015UMR,,,
XLWUW-290T1R,,,
XLWUW-290T0R,,,
TYNSFSMOBWK0103,,,
TYNMDGSGWK29303,,,
XLWUL-015UW6,,,
XLWUW-290T3Z,,,
52XLWUW3-290SZH,,,
52XLWUW3-480H0X,,,
52XLWUW3-480H2T,,,
XLWUW-422G5D,,,
XLWUW-911M409,,,
XLWUW-431YXQ,,,
52XLWUW3-3906XY,,,
TYNRHSWKDBH03,,,
52XLWUW3-4319T3,,,
52XLWUW3-0307VX,,,
TYNMXSCSWK3D603,,,
XLWUL-022D58,,,
XLWUL-022DNC,,,
XLWUL-03284K,,,
XLWUL-490WDZ,,,
XLWUL-493XVK,,,
52XLWUW3-350Q15,,,
52XLWUW3-450B5M,,,
XLWUL-410JKW,,,
XLWUL-JBVPZA,,,
XLWUW-43207R,,,
XLWUW-350Q2N,,,
52XLWUL3-950011,,,
52XLWUL3-JTYWTP,,,
XLWUW-290T71,,,
TYNLRDLGWKS3103,,,
XLWUL-3W07HK,,,
XLWUW-1016FQ,,,
XLWUL-430DHM,,,
52XLWUL3-JBVPWK,,,
TYNCESAWK01903,,,
52XLWUW3-411L5T,,,
XLWUT-500301,,,
52XLWUW3-410ZTB,,,
XLWUW-331JLK,,,
XLWUW-301SQP,,,
52XLWUL3-A53902,,,
XLWUL-49058S,,,
XLWUD-432L7Y,,,
XLWUW-360X88,,,
52XLWUW3-6ZFFFX,,,
52XLWUW3-4227L1,,,
XLWUD-460N66,,,
52XLWUW3-422G3V,,,
XLWUW-B6SSD2,,,
XLWUD-432L8S,,,
XLWUD-460N34,,,
XLWUW-460N3Y,,,
XLWUW-290T15,,,
XLWUW-491S7X,,,
XLWUW-1016HQ,,,
XLWUW-430XZH,,,
XLWUL-A04042,,,
XLWUD-432L8Q,,,
XLWUW-422G4S,,,
XLWUW-290T2H,,,
52XLWUW3-431KLR,,,
XLWUL-490W85,,,
52XLWUW3-38092R,,,
XLWUW-121N7T,,,
XLWUW-432LBQ,,,
XLWUW-491W9T,,,
XLWUW-422G3W,,,
XLWUD-432L7J,,,
52XLWUW3-480R9Q,,,
XLWUW-480H0H,,,
52XLWUW3-2100LT,,,
XLWUL-950002,,,
XLWUW-360X76,,,
XLWUW-4290T3,,,
XLWUW-432L4Z,,,
XLWUW-431YWC,,,
XLWUL-JTYWVB,,,
XLWUW-480R5Y,,,
XLWUL-451ST8,,,
XLWUW-J20EWP,,,
XLWUW-480H0W,,,
XLWUL-4021G9,,,
XLWUW-432L61,,,
XLWUD-460N1Q,,,
XLWUW-460N2H,,,
XLWUL-260JC4,,,
XLWUD-432L6H,,,
TYNAOCWK70TKZ03,,,
XLWUL-47047V,,,
XLWUW-350NXC,,,
TYNMXGWKFWV03,,,
XLWUL-JBVPXC,,,
XLWUW-201KHD,,,
XLWUW-290T0F,,,
XLWUW-432L98,,,
52XLWUW3-J20ERG,,,
XLWUW-432L7H,,,
52XLWUW3-431YWT,,,
52XLWUL3-470431,,,
52XLWUL3-A53891,,,
XLWUW-290T1Q,,,
52XLWUW3-480H1Z,,,
XLWUW-DET223H3H,,,
XLWUD-460N4W,,,
XLWUL-5Q3JMN,,,
XLWUW-4227L3,,,
52XLWUW3-480H0Z,,,
XLWUW-491S4H,,,
52XLWUW3-280G6T,,,
XLWUW3-DHMVV1,,,
XLWUD-432L7L,,,
52XLWUW3-480R83,,,
XLWUW-290T5P,,,
TYNMDGSGWK09503,,,
XLWUW-431KLN,,,
52XLWUW3-480H29,,,
52XLWUL3-47046Z,,,
XLWUL3-4221KX,,,
XLWUW-911MB03,,,
52XLWUW3-480H0G,,,
XLWUL-260XXW,,,
XLWUW-480H0K,,,
TYN53WEGWKN5403,,,
52XLWUW3-431KLJ,,,
XLWUL-454966,,,
XLWUL-191OXQ,,,
XLWUW-290T66,,,
XLWUW-290T6B,,,
XLWUD-432LB4,,,
XLWUD-432L6J,,,
52XLWUW3-480R5G,,,
TYNMDGSGWK37403,,,
XLWUW-MQ03,,,
XLWUW-422G4D,,,
XLWUW-411CG2,,,
52XLWUW3-DLJVV1,,,
XLWUW-431KHG,,,
XLWUW-4504CH,,,
52XLWUW3-202646,,,
XLWUW-911MD03,,,
52XLWUW3-422G5R,,,
52XLWUW3-480H1P,,,
52XLWUL3-47048J,,,
XLWUW-432L87,,,
XLWUW-7MNSD2,,,
52XLWUW3-480H1B,,,
52XLWUL3-OS1M5M,,,
52XLWUL3-A95694,,,
TYNCESAWK13703,,,
52XLWUL3-470480,,,
XLWUW-290T3B,,,
XLWUL-015UV6,,,
XLWUL-490W4T,,,
TYNRHSWK7XD03,,,
XLWUD-432L7G,,,
52XLWUW3-431YY5,,,
52XLWUL3-47047M,,,
TYNLRDLGWKT2903,,,
52XLWUW3-422G40,,,
XLWUW-3906YR,,,
XLWUW-39133Z,,,
XLWUW-39174V,,,
XLWUL-4309PZ,,,
52XLWUW3-422G41,,,
52XLWUW3-290T0N,,,
XLWUL-A14002,,,
XLWUW-460Z99,,,
52XLWUL3-A53961,,,
XLWUW-391326,,,
XLWUW-460N30,,,
XLWUL3-4309PT,,,
XLWUW-491844,,,
XLWUW-290T6W,,,
XLWUL-41133P,,,
XLWUL3-511KQX,,,
XLWUL-493XXW,,,
TYNMDGSGWK43703,,,
XLWUW-N9S,,,
XLWUL-493XXY,,,
52XLWUW3-480H1F,,,
XLWUW-32007H,,,
XLWUW-010907,,,
XLWUL-470446,,,
XLWUW-491S6G,,,
XLWUW-3913DW,,,
52XLWUW3-230SLQ,,,
52XLWUW3-20264B,,,
52XLWUW3-OS1KCP,,,
XLWUW-480GZT,,,
52XLWUW3-95V062,,,
XLWUW-472PZ4,,,
XLWUL-1910XY,,,
XLWUD-460N1N,,,
XLWUL3-511KQW,,,
XLWUW-4121J5,,,
XLWUL3-461PW6,,,
TYNMXGWKYCT03,,,
TYNMDGSGWK28403,,,
XLWUW-290T4G,,,
52XLWUL3-321RM8,,,
XLWUL-43R61R,,,
XLWUL-015UVN,,,
XLWUW-290T1Z,,,
XLWUL-47113N,,,
XLWUW-290T48,,,
XLWUL3-015URE,,,
XLWUL-461PTZ,,,
XLWUL3-461PWS,,,
52XLWUW3-DJHVV1,,,
52XLWUW3-3906WY,,,
XLWUW-290T2N,,,
XLWUL3-511KQ9,,,
XLWUW-290T5S,,,
XLWUL-461PW3,,,
52XLWUW3-290T16,,,
XLWUL-490DN6,,,
XLWUD-432L9Y,,,
HQCUI223F0YD4,,,
XLWUL-511KNW,,,
52XLWUL3-B91901,,,
XLWUW-290T0D,,,
52XLWUW3-20264S,,,
XLWUW-290T36,,,
XLWUW-C3VDZK,,,
XLWUW-200YV0,,,
XLWUL3-511KQ3,,,
52XLWUW3-290T7C,,,
52XLWUW3-20263K,,,
XLWUW-290T3S,,,
XLWUW-290T2B,,,
XLWUL3-461PWT,,,
XLWUW-3913B7,,,
52XLWUW3-350R5Z,,,
XLWUW-290T5R,,,
52XLWUW3-IN04BD,,,
XLWUD-432L6C,,,
XLWUW-290T2G,,,
XLWUW-290T23,,,
52XLWUW3-1803DP,,,
XLWUL-47042T,,,
52XLWUL3-221DR5,,,
52XLWUW3-IN0LZ5,,,
52XLWUW3-IN0LYV,,,
TYN53WEGWK18203,,,
52XLWUW3-IN1F1W,,,
52XLWUW3-431F63,,,
52XLWUL3-47046Y,,,
XLWUL-PK1MR0,,,
XLWUL-370Y12,,,
52XLWUW3-290T7K,,,
52XLWUW3-431F4F,,,
XLWUW-290T5G,,,
TYN53WEGWK31403,,,
52XLWUW3-IN0JLH,,,
XLWUL-461PV1,,,
TYN53WEGWK17403,,,
XLWUW-480R69,,,
XLWUW-480H4M,,,
XLWUW-290T4N,,,
52XLWUW3-290T5W,,,
52XLWUW3-431KM5,,,
TYN372WK3D503,,,
XLWUW-431Y4N,,,
XLWUW-431KJV,,,
XLWUL-47111R,,,
52XLWUW3-IN04D9,,,
52XLWUW3-350R2Z,,,
52XLWUW3-290T4H,,,
XLWUL-015UMH,,,
52XLWUW3-AFAS19,,,
XLWUL-340RQQ,,,
XLWUL-015UV8,,,
52XLWUW3-4121JV,,,
XLWUW-460N2Y,,,
XLWUW-1803DW,,,
XLWUW-180XY4,,,
XLWUW-3911M6,,,
XLWUW-1016LX,,,
XLWUW-1016RF,,,
52XLWUW3-0209G7,,,
52XLWUL3-B91918,,,
TYN53WEGWKN9007,,,
XLWUL-410JDK,,,
XLWUW-1016PZ,,,
XLWUL-410JKX,,,
XLWUL-03284J,,,
XLWUL-440QXQ,,,
XLWUL-391394,,,
XLWUL-461PWB,,,
52XLWUW3-371J3L,,,
XLWUL-3739YS,,,
52XLWUL3-A95689,,,
XLWUW-546GL6,,,
52XLWUW3-0209FS,,,
XLWUL-41133R,,,
XLWUL-471DXM,,,
XLWUL-OSOSM7,,,
XLWUL-OSOSM1,,,
XLWUL-OSOSM5,,,
XLWUL-OSOSM3,,,
XLWUW-5202RG,,,
XLWUW-530BGR,,,
52XLWUW3-431YY3,,,
XLWUW-411CG4,,,
XLWUL-015USB,,,
TYNCESAWK20403,,,
XLWUL-430DHT,,,
XLWUW-4107LD,,,
TYNLRDLGWKS7903,,,
XLWUW-431KLH,,,
XLWUL-015USE,,,
52XLWUL3-511KNJ,,,
52XLWUW3-290T52,,,
TYNLRDLGWKS5603,,,
XLWUL-493ZDS,,,
XLWUD-432LB6,,,
XLWUL-410JF8,,,
TYN53WEGWKN3904,,,
XLWUD-460N56,,,
XLWUL-JTYWFA,,,
XLWUW-422G4T,,,
XLWUL-470QZ5,,,
XLWUL-520SY6,,,
XLWUL-520SYQ,,,
XLWUL-212FYP,,,
XLWUW-410LZG,,,
XLWUL-451STD,,,
XLWUW-B6TSD2,,,
XLWUW-5106DK,,,
XLWUL-JBVRAC,,,
XLWUL-031KVQ,,,
XLWUW-7MWSD2,,,
XLWUW-450C7T,,,
XLWUW-1016PS1,,,
XLWUW-121N71,,,
XLWUL-41039V,,,
52XLWUW3-6N5GFX,,,
52XLWUW3-431KSY,,,
TYN702LP03003,,,
XLWUL-JBVRAB,,,
XLWUW-530BGP,,,
XLWUW-2100M6,,,
52XLWUL3-JBVPVY,,,
XLWUL-015UTJ,,,
XLWUW-100MNY,,,
TYNCESAWK09103,,,
XLWUL-JBVPXW,,,
XLWUL-JDGYDG,,,
52XLWUW3-391R2H,,,
TYN53WEGWK2B303,,,
XLWUT-458858,,,
XLWUL-JDGYDM,,,
XLWUL-520SY4,,,
XLWUL-0310PH,,,
XLWUL-A04155,,,
XLWUW-3223TR,,,
XLWUW-3223TL,,,
XLWUL-021Y71,,,
XLWUW-391R29,,,
XLWUL-212FYV,,,
XLWUW-3223V9,,,
52XLWUW3-4121MK,,,
XLWUW-400R7P,,,
52XLWUW3-20264C,,,
TYNAN1710DKA706,,,
XLWUL-260JCG,,,
52XLWUW3-OS1KBJ,,,
XLWUL-43005D,,,
52XLWUL3-512LQ4,,,
52XLWUW3-132MP1,,,
XLWUL-410JKP,,,
XLWUL-4309QC,,,
XLWUL-OSOSM2,,,
XLWUW-3906WW,,,
52XLWUW3-530BGB,,,
XLWUW-555XI2,,,
TYNAFRLWK59203,,,
XLWUW-4504D5,,,
XLWUL-461PWC,,,
52XLWUW3-4121N3,,,
TYN53WEGWK01603,,,
XLWUL-411327,,,
52XLWUW3-422G58,,,
XLWUL-4221L5,,,
XLWUW-491S6X,,,
XLWUW-352D0J,,,
XLWUW-491S3S,,,
XLWUW-4106JL,,,
XLWUL-031KX0,,,
XLWUL-490WC8,,,
XLWUL-060MNR,,,
XLWUW-3223TZ,,,
XLWUW-431KLV,,,
XLWUL-410JDR,,,
XLWUW-3223TG,,,
XLWUL-PK3Z7S,,,
XLWUW-3223VB,,,
XLWUW-421NDG,,,
XLWUW-DET223ZK1,,,
XLWUL-JBVPZX,,,
52XLWUW3-242CTD,,,
52XLWUW3-350Q17,,,
52XLWUL3-JBVPYB,,,
XLWUL-461PVY,,,
XLWUL-450KCF,,,
XLWUL-PK0WDV,,,
52XLWUL3-471DXJ,,,
XLWUL-015UKP,,,
XLWUW-410M80,,,
XLWUL3-4309Q5,,,
XLWUL-03282B,,,
52XLWUW3-271Y7J,,,
XLWUL-471DX8,,,
XLWUL-47044C,,,
XLWUL-015URX,,,
XLWUL-JBVPZW,,,
TYNMDGSGWK32803,,,
TYNMDGSGWK34203,,,
52XLWUL3-JBVPZZ,,,
XLWUL-015UNU,,,
52XLWUW3-3906XD,,,
TYNOACSBWKCV503,,,
HQCUI223F0TWS,,,
XLWUL3-511KPQ,,,
XLWUL-015UTF,,,
52XLWUW3-530BG6,,,
XLWUL-042BRH,,,
XLWUT-361LHQ,,,
XLWUW-351DTH,,,
XLWUW-491S4R,,,
XLWUL-03282N,,,
XLWUW-97MSD2,,,
XLWUL-470470,,,
XLWUL-2015XH,,,
52XLWUL3-470484,,,
XLWUL-031KVM,,,
XLWUL-43212Z,,,
XLWUW-350Q19,,,
XLWUW-341KVS,,,
XLWUL-451STH,,,
52XLWUL3-JDGYDL,,,
TYNDS2XWKMRF03,,,
XLWUL-022D32,,,
XLWUW-372Q8H,,,
XLWUL-43215P,,,
XLWUW-491S7F,,,
XLWUL-HR5XZK1,,,
XLWUL-021Y6B,,,
XLWUL-022FFF,,,
XLWUW-B9PSD2,,,
XLWUL-4S5XZK1,,,
XLWUL-022DX1,,,
XLWUL-461PW8,,,
52XLWUL3-470455,,,
XLWUW-0307SK,,,
TYNMDGSGWK31703,,,
XLWUL-5S5XZK1,,,
SXHTL-450R03,,,
XLWUT-491152,,,
52XLWUL3-47042S,,,
XLWUL-391393,,,
XLWUL-DS5XZK1,,,
XLWUL-022D5P,,,
XLWUL-43214J,,,
XLWUW-350Q3F,,,
TYNMDGSGWK30703,,,
XLWUL-015URR,,,
XLWUL-022DMX,,,
XLWUW-370BF1,,,
XLWUW-370BDS,,,
XLWUL-373B0K,,,
XLWUL-021YVW,,,
XLWUL-PK3Z7F,,,
XLWUL-381RJW,,,
XLWUL-381RJS,,,
XLWUL-41131L,,,
XLWUW-410ZTY,,,
52XLWUW3-431BJQ,,,
XLWUT-491171,,,
XLWUW-3510NH,,,
52XLWUW3-202652,,,
TYNMDGSGWK19803,,,
XLWUW-0406ZC,,,
XLWUW-430527,,,
XLWUL-422HKB,,,
XLWUL-0327ZX1,,,
XLWUL-032881,,,
XLWUL-493ZH4,,,
XLWUW-351DTF,,,
XLWUL-490W92,,,
XLWUW-491W9V,,,
XLWUL-493XXD,,,
XLWUW-451KCV,,,
XLWUL-021Y37,,,
52XLWUL3-470473,,,
52XLWUL3-47047L,,,
XLWUL-47046X,,,
52XLWUL3-47045N,,,
XLWUL-0328291,,,
XLWUL-200YV9,,,
XLWUW-370BDV,,,
XLWUW-402W71,,,
XLWUL-493ZH2,,,
XLWUL-43213F,,,
XLWUW-242CTF,,,
XLWUW-200YV6,,,
XLWUW-012345,,,
XLWUW-421NCF,,,
XLWUW-491S8D,,,
XLWUL-4309Q7,,,
XLWUL-351G6Q,,,
52XLWUL3-47049L,,,
52XLWUW3-714HFX,,,
XLWUL-25133K,,,
XLWUL-3227L0,,,
XLWUW-DLNVV1,,,
XLWUW-3726ZP,,,
XLWUW-K191L1,,,
XLWUW-J20EZD,,,
XLWUL3-511KQL,,,
XLWUL-412WQJ,,,
XLWUW-37260C,,,
XLWUW-491S6V,,,
XLWUW-1016JC,,,
XLWUW-150YVD,,,
XLWUW-431Y4T,,,
XLWUW-131W15,,,
XLWUW-403086,,,
XLWUL-022DYL,,,
XLWUL-0328KP,,,
XLWUL-022FDV,,,
TYNMXSAMMO05003,,,
XLWUL3-015UT9,,,
52XLWUW3-0307SV,,,
XLWUW-380XVZ,,,
XLWUL-493Z61,,,
XLWUW-522G4H,,,
XLWUW-431KLHA,,,
XLWUL-4422YX,,,
XLWUW-331JKG,,,
XLWUL-037UYK,,,
XLWUL3-461PWR,,,
XLWUL3-461PWV,,,
XLWUL-4309PF,,,
XLWUL-4309PW,,,
XLWUW-081KV6,,,
XLWUW-1016CK,,,
XLWUW-402W83,,,
XLWUW-121X6P,,,
XLWUW-3309Y4,,,
XLWUW-121N7N,,,
52XLWUW3-95V172,,,
52XLWUW3-95V173,,,
XLWUL-493ZDQ,,,
XLWUL-4309PH,,,
XLWUL-4309PY,,,
XLWUL-493ZFB,,,
XLWUW-421NDW,,,
XLWUW-336615,,,
XLWUL-493ZF8,,,
XLWUL-021Y3Y,,,
XLWUL-493XX4,,,
XLWUL-022D3T,,,
XLWUL-022FDM,,,
XLWUL-022DP3,,,
XLWUL-022D49,,,
XLWUW-B7WSD2,,,
XLWUW-491S31,,,
XLWUW-421NDY,,,
XLWUW-20263X,,,
XLWUW-510V29,,,
XLWUL-4309P9,,,
XLWUL-351G6L,,,
XLWUL-471DYN,,,
XLWUW-131W0W,,,
XLWUL-JGNWZK,,,
XLWUL-412QR5,,,
XLWUL-CXQTZK,,,
52XLWUL3-471DYR,,,
XLWUL-022D59,,,
XLWUW-0428N8,,,
XLWUW-372G8Y,,,
XLWUL-491QG8,,,
XLWUL-390NVT,,,
XLWUL-432137,,,
XLWUL-491DWQ,,,
XLWUL-0327SV,,,
XLWUL-4208N3,,,
XLWUT-172853,,,
XLWUW-372G9C,,,
XLWUW-431YYF,,,
XLWUL-0327RV,,,
XLWUL-022DZ6,,,
XLWUL-461PXJ,,,
XLWUL-0327V8,,,
XLWUL-022FDK,,,
XLWUL-491MV2,,,
XLWUL-022FBL,,,
XLWUL-022D39,,,
XLWUT-672553,,,
XLWUT-2472553,,,
XLWUL-373B21,,,
52XLWUW3-431YTP,,,
52XLWUL3-JBVPTY,,,
XLWUT-2572853,,,
XLWUT-1172853,,,
XLWUW-B6PSD2,,,
XLWUL-4208NV,,,
XLWUL-490W4Z,,,
XLWUL-021YRL,,,
XLWUW-222B6J,,,
XLWUW-292PCQ,,,
XLWUW-301BDN,,,
XLWUW-222B9P,,,
XLWUW-2229KH,,,
XLWUW-222B8B,,,
XLWUL-351G6K,,,
XLWUW-301BDV,,,
XLWUW-042621,,,
XLWUL-493XHV,,,
XLWUL-021YNV,,,
XLWUL-4209CX,,,
XLWUL-42091K,,,
XLWUL-021YQ3,,,
XLWUW-402W81,,,
XLWUW-402W5S,,,
XLWUL-4208JC,,,
XLWUW-1016MD,,,
XLWUW-222B76,,,
XLWUL-022D45,,,
XLWUL-451STR,,,
XLWUL-021YP6,,,
TYNMDGSGWK43303,,,
XLWUW-231ZRN,,,
XLWUT-6172553,,,
XLWUL-589123,,,
XLWUW-2229K4,,,
XLWUL-420934,,,
XLWUL-351G6M,,,
XLWUT-500297,,,
XLWUW-2229K9,,,
XLWUW-43FSV08,,,
XLWUL-410GS6,,,
XLWUW-432L7Y,,,
XLWUW-131W14,,,
XLWUW-1016F4,,,
XLWUW-422G5J,,,
XLWUL-461PXD,,,
XLWUW-222B8D,,,
XLWUW-2229HX,,,
XLWUL-380213,,,
XLWUL-461PWR,,,
XLWUW-04260Y,,,
XLWUW-432L6H,,,
52XLWUW3-480H2D,,,
XLWUW-370BFG,,,
XLWUL-022F0P,,,
XLWUW-370BF4,,,
XLWUW-J20ERG,,,
XLWUT-0772853,,,
XLWUW-370BFN,,,
XLWUL-4B0175,,,
XLWUL-520SYT,,,
XLWUW-1016JB,,,
XLWUL-589127,,,
XLWUL-022W15,,,
XLWUW-121NBJ,,,
TYNDS2XWKMR503,,,
XLWUW-372G93,,,
XLWUW-391PN7,,,
XLWUW-391PMX,,,
XLWUW-391PMW,,,
XLWUT-4672853,,,
XLWUW-471P77,,,
XLWUL-410GTQ,,,
XLWUL-021Y2Y,,,
XLWUL-4309PC,,,
XLWUL-03287P,,,
XLWUL-460J8J,,,
52XLWUW3-AFAS08,,,
52XLWUW3-AFAS06,,,
52XLWUW3-AFAS09,,,
52XLWUW3-AFAS07,,,
52XLWUW3-AFAS02,,,
52XLWUW3-AFAS01,,,
52XLWUW3-AFAS12,,,
XLWUW-1803FJ,,,
52XLWUW3-AFAS17,,,
52XLWUW3-AFAS16,,,
XLWUL-4221L4,,,
XLWUL-373B0T,,,
XLWUW-OSOSK1,,,
XLWUL-410GY6,,,
XLWUW-491W9R,,,
XLWUL-4209NR,,,
XLWUL-490W8C,,,
XLWUL-458908,,,
XLWUL-3801PN,,,
XLWUL-410GN0,,,
XLWUW-471P9Q,,,
XLWUW-471PF3,,,
XLWUL-491DTL,,,
XLWUL-021YS3,,,
XLWUL-037UZK,,,
XLWUL-47113H,,,
XLWUL-1216YR,,,
XLWUL-460J8B,,,
FTFAL-0M8DRU,,,
XLWUL-460J8H,,,
XLWUW-472PYY,,,
XLWUL-460J8G,,,
XLWUL-460J89,,,
XLWUT-451STD,,,
XLWUL-606798,,,
XLWUW-10168P,,,
XLWUW-1016KF,,,
XLWUL-G72529,,,
XLWUL-042BQY,,,
XLWUW-121NGD,,,
XLWUL-4309PD,,,
XLWUL-351G6H,,,
XLWUL-A51284,,,
XLWUW-3626RD,,,
XLWUW-471PC4,,,
52XLWU-AS-008P,,,
XLWU-HB-102P,,,
52XLWUW3-3818XY,,,
52XLWUW3-43203B,,,
52XLWUW3-271Y7Y,,,
52XLWUW3-6N9JFX,,,
52XLWUW3-6ZBHFX,,,
XLWUW-5202T1,,,
FTFAL-5125QB,,,
TYN16EWSWK00703,,,
52XLWUW3-300DLP,,,
XLWUL-39139B,,,
52XLWUW3-4121M5,,,
52XLWUW3-3906XN,,,
52XLWUW3-4121MX,,,
XLWUW-290T6X,,,
XLWUL-511KPW,,,
XLWUW-131W0Y,,,
XLWUW-510GQP,,,
52XLWU-FS-012,,,
52XLWU-FS-GDBP,,,
XLWU-WXA-101P,,,
TYNMDGSGSV00403,,,
XLWUW-1BJFX1,,,
52XLWUW3-AFAS03,,,
XLWUW-4902XF,,,
52XLWUL3-470451,,,
XLWUL-03287Q,,,
XLWUL-03283N,,,
XLWUW-421NM2,,,
XLWUL-589098,,,
XLWUL-373B0S,,,
XLWUW-421NG6,,,
XLWUW-421ND9,,,
XLWUW-421NFN,,,
XLWUW-421NKR,,,
XLWUW-421NM1,,,
XLWUW-421NFM,,,
XLWUL3-511KP9,,,
XLWUW-421NLY,,,
XLWUW-421F92,,,
XLWUW-421NM4,,,
XLWUW-421NDM,,,
XLWUW-421NJV,,,
XLWUW-352CYV,,,
XLWUT-500295,,,
XLWUW-421NGJ,,,
XLWUW-421NLV,,,
XLWUW-491S3Q,,,
XLWUW-491S74,,,
XLWUW-491S5N,,,
TYN53WEGWK18903,,,
DDPKL-1318W1,,,
XLWUL-43215B,,,
XLWUL-381RJV,,,
XLWUL-381RJN,,,
XLWUL-25133C,,,
XLWUW-491S9C,,,
XLWUL-4422Z9,,,
XLWUL-491QD7,,,
XLWUL-022F07,,,
XLWUL-022DY2,,,
XLWUW-OSOF01,,,
XLWUL-490W9Y,,,
XLWUL-490WBD,,,
XLWUL-022DZZ,,,
XLWUL-490W95,,,
XLWUL-493ZH5,,,
XLWUL-022D4J,,,
XLWUL-490WBJ,,,
XLWUW-421ND3,,,
XLWUL-032814,,,
XLWUL-490W8Z,,,
XLWUW-421NKS,,,
XLWUW-421NDS,,,
XLWUL-022DYV,,,
XLWUL-022DZY,,,
XLWUL-491QG4,,,
XLWUL-022D31,,,
XLWUL-493XW0,,,
XLWUL-03287G,,,
XLWUW-421NLK,,,
XLWUL-491QF8,,,
XLWUL-493ZDP,,,
XLWUL-022DYN,,,
XLWUL-022DYF,,,
XLWUW-421NHR,,,
XLWUL-032813,,,
XLWUW-421NHQ,,,
XLWUL-493ZFK,,,
XLWUL-493ZHD,,,
XLWUL-493XJ3,,,
XLWUW-421NFT,,,
XLWUW-421NLC,,,
XLWUW-421ND1,,,
XLWUW-421NDR,,,
XLWUW-421NCL,,,
XLWUW-421NDB,,,
XLWUW-421NJB,,,
XLWUW-421NFD,,,
XLWUW-421NGG,,,
XLWUL-4228JS,,,
XLWUL-25133B,,,
XLWUL-25133F,,,
XLWUL-25133H,,,
XLWUL-25133G,,,
XLWUL-25133D,,,
XLWUL-25133J,,,
XLWUL-25133L,,,
XLWUL-461PXC,,,
XLWUW-331JKS,,,
XLWUL-0327SN,,,
DUPLICATE-57c7fa5,,,
XLWUL-022DTJ,,,
XLWUL-022DN7,,,
XLWUL-03283G,,,
XLWUL-022DPF,,,
XLWUL-022DMJ,,,
XLWUL-022DX8,,,
XLWUL-022DML,,,
XLWUL-022DM3,,,
XLWUL-022DWN,,,
XLWUL-022DYJ,,,
XLWUL-022DQ4,,,
XLWUL-022DPM,,,
XLWUL-022DNK,,,
XLWUL-022DPJ,,,
XLWUL-022DQ3,,,
XLWUL-022DYP,,,
XLWUL-022DM4,,,
XLWUL-022DN9,,,
XLWUL-022DW3,,,
XLWUL-022DTH,,,
XLWUL-022DVX,,,
XLWUL-022DPQ,,,
XLWUL-0327TM,,,
XLWUL-022DM7,,,
XLWUL-022DW5,,,
XLWUL-022DVJ,,,
XLWUL-022DV0,,,
XLWUL-022DYR,,,
XLWUL-022DPK,,,
XLWUL-022DZK,,,
XLWUW-SGFW52,,,
XLWUW-331JP4,,,
XLWUL-022DMB,,,
XLWUL-022DTK,,,
XLWUL-022DMG,,,
XLWUL-022DXR,,,
XLWUL-022DMF,,,
XLWUL-022DVT,,,
XLWUL-022DZR,,,
XLWUL-0327S9,,,
XLWUW-331JJC,,,
XLWUL-022DX6,,,
XLWUL-022DMV,,,
XLWUL-022DWT,,,
XLWUL-022DZ1,,,
XLWUL-022DNV,,,
XLWUL-022DND,,,
XLWUL-022DNH,,,
XLWUL-022DXB,,,
XLWUL-022DX3,,,
XLWUL-022DWL,,,
XLWUW-VT9X52,,,
XLWUL-022DXM,,,
XLWUL-022DTT,,,
XLWUL-022DTY,,,
XLWUL-022DVL,,,
XLWUW-331JK7,,,
XLWUL-022DWB,,,
XLWUL-022DW9,,,
XLWUW-331JN5,,,
XLWU-DB-002V,,,
XLWUW-331JR3,,,
XLWUW-4716ZM,,,
XLWUW-331JMD,,,
XLWUW-3906XN,,,
XLWUW-3906X3,,,
XLWUL-021Y3F,,,
XLWUW-421NJR,,,
XLWUW-121X95,,,
XLWUW-421NL4,,,
XLWUW-421NGP,,,
XLWUW-421NH3,,,
XLWUW-421NKH,,,
XLWUW-421F93,,,
XLWUW-3906XQ,,,
XLWUW-421NGZ,,,
XLWUW-421ND4,,,
XLWUW-421NKP,,,
XLWUW-431KQM,,,
XLWUW-421NK8,,,
XLWUW-421NHM,,,
XLWUW-421NGS,,,
XLWUW-421NLZ,,,
XLWUW-421NLF,,,
XLWUW-421NF5,,,
XLWUW-421ND0,,,
XLWUW-421NFS,,,
XLWUW-421F95,,,
XLWUW-0209C6,,,
XLWUW-421NLH,,,
XLWUW-421NHT,,,
XLWUW-421NLJ,,,
XLWUW-421NFC,,,
XLWUW-421NG4,,,
XLWUW-421NG5,,,
XLWUW-421NKV,,,
XLWUW-421NGK,,,
XLWUW-421F8Z,,,
XLWUW-421F94,,,
XLWUW-421NJW,,,
XLWUW-421NKZ,,,
XLWUW-421F91,,,
XLWUW-421NG1,,,
XLWUW-421NGD,,,
XLWUW-421NCP,,,
XLWUW-421NJL,,,
XLWUW-421NGR,,,
XLWUW-421NLQ,,,
XLWUW-421NM0,,,
XLWUW-421NFP,,,
XLWUW-421NLN,,,
XLWUW-421F8X,,,
XLWUW-421NF1,,,
XLWUW-421NJ3,,,
XLWUW-421NH5,,,
XLWUW-421NF3,,,
XLWUW-421NJJ,,,
XLWUW-421NJ1,,,
XLWUW-421NJ8,,,
XLWUW-421NM5,,,
XLWUW-421NDD,,,
XLWUW-421NJS,,,
XLWUL-0327V4,,,
XLWUL-0327VF,,,
XLWUL-022FC9,,,
XLWUL-0327VD,,,
XLWUL-0327Z5,,,
XLWUL-0327T6,,,
DUPLICATE-57ca4da,,,
XLWUL-0327SP,,,
XLWUL-032820,,,
XLWUL-022D3F,,,
XLWUL-022D34,,,
XLWUL-493ZF2,,,
XLWUL-0328M9,,,
XLWUL-491QFT,,,
XLWUL-03284R,,,
XLWUL-022DZ0,,,
XLWUL-493Z83,,,
XLWUL-022DZX,,,
XLWUL-0327RM,,,
XLWUL-493ZGH,,,
XLWUL-493ZDN,,,
XLWUL-491QGB,,,
XLWUL-491QFV,,,
XLWUL-0327T5,,,
XLWUL-032821,,,
XLWUL-022FCS,,,
XLWUL-0327SY,,,
XLWUL-03282C,,,
XLWUL-493ZGP,,,
XLWUW-421NDF,,,
XLWUW-421NLD,,,
XLWUL-4208XL,,,
XLWUL-420C4G,,,
XLWUL-420TH4,,,
XLWUL-4209MD,,,
XLWUL-4209Q8,,,
XLWUL-42004L,,,
XLWUL-4209XJ,,,
XLWUL-4208T5,,,
XLWUL-4208WN,,,
XLWUL-493XXN,,,
XLWUL-493ZDG,,,
XLWUL-03286X,,,
XLWUL-032822,,,
XLWUL-490W81,,,
XLWUL-022DYY,,,
XLWUL-493ZFQ,,,
XLWUL-0328KQ,,,
XLWUL-493ZDW,,,
XLWUL-493ZDH,,,
XLWUL-493ZDD,,,
XLWUL-490W96,,,
XLWUL-491QFP,,,
XLWUL-0327VK,,,
XLWUL-022FDH,,,
XLWUL-022DY4,,,
XLWUL-420T6D,,,
XLWUL-4208TD,,,
XLWUL-022DZ3,,,
XLWUL-03285M,,,
XLWUL-491QF2,,,
XLWUL-490W9N,,,
XLWUL-491QGX,,,
XLWUL-490W83,,,
XLWUL-0327ZN,,,
XLWUL-493ZFX,,,
XLWUL-022FDJ,,,
XLWUL-022DXW,,,
XLWUL-420TM9,,,
XLWUL-022FFD,,,
XLWUL-491QFL,,,
XLWUL-491QDZ,,,
XLWUL-0327T7,,,
XLWUL-03280D,,,
XLWUL-0327V7,,,
XLWUL-03282H,,,
XLWUL-032801,,,
XLWUL-022FCN,,,
XLWUL-0327RK,,,
XLWUL-03280V,,,
XLWUL-022D4W,,,
XLWUL-022DZT,,,
XLWUL-490W9S,,,
XLWUL-022F00,,,
XLWUL-022F0K,,,
XLWUL-032809,,,
XLWUL-021YSG,,,
XLWUL-022FDP,,,
XLWUL-022DZ2,,,
XLWUL-022FCP,,,
XLWUL-022FDL,,,
XLWUL-493Z7G,,,
XLWUL-022DXX,,,
XLWUL-0327T8,,,
XLWUL-022F0C,,,
XLWUL-022DWF,,,
XLWUW-43206P,,,
XLWUL-491DVN,,,
XLWUL-461R22,,,
XLWUL-420DPG,,,
XLWUL-4209J9,,,
XLWUL-4208KR,,,
XLWUL-420TYK,,,
XLWUL-4208KQ,,,
XLWUL-42093D,,,
XLWUL-420V4M,,,
XLWUL-4208YQ,,,
XLWUL-420T4F,,,
XLWUL-021YVL,,,
XLWUW-222B6V,,,
XLWUW-20264T,,,
XLWUL-4208RK,,,
XLWUL-4208YG,,,
XLWUL-420903,,,
XLWUL-42099Y,,,
XLWUL-4209C2,,,
XLWUL-4208V2,,,
XLWUL-42087S,,,
XLWUL-4208XS,,,
XLWUL-4208PG,,,
XLWUL-4208XY,,,
XLWUL-4208WJ,,,
XLWUL-4209C4,,,
XLWUL-420034,,,
XLWUL-4209D3,,,
XLWUL-4208T6,,,
XLWUL-4208RM,,,
XLWUL-4208KZ,,,
XLWUL-490DLL,,,
XLWUL-42088R,,,
XLWUL-410HTQ,,,
XLWUW-2229K1,,,
XLWUL-4208T2,,,
XLWUL-42091B,,,
XLWUL-42099W,,,
XLWUL-4101TL,,,
XLWUL-4208G2,,,
XLWUL-420918,,,
XLWUL-410G9Q,,,
XLWUL-4208VM,,,
XLWUL-4208P2,,,
XLWUL-4208WM,,,
XLWUL-4209D1,,,
XLWUL-4102DF,,,
XLWUL-4208ZZ,,,
XLWUL-4209H9,,,
XLWUL-4201G8,,,
XLWUL-4201G4,,,
XLWUL-42006N,,,
XLWUL-4208H9,,,
XLWUL-410HR7,,,
XLWUL-410HSX,,,
XLWUL-420111,,,
XLWUL-42090K,,,
XLWUL-4209CJ,,,
XLWUT-572853,,,
XLWUL-42012Z,,,
XLWUL-410HVR,,,
XLWUL-410HXX,,,
XLWUL-410HHC,,,
XLWUL-410H87,,,
XLWUL-410HL2,,,
XLWUL-410GFV,,,
XLWUL-410J11,,,
XLWUL-410HT5,,,
XLWUL-410HVN,,,
XLWUL-42016S,,,
XLWUL-4101Y2,,,
XLWUL-410HYB,,,
XLWUL-410HY9,,,
XLWUL-410G9Y,,,
XLWUL-410HPJ,,,
XLWUL-410HQM,,,
XLWUL-4208Q4,,,
XLWUL-42085J,,,
XLWUL-4209FV,,,
XLWUL-502376,,,
XLWUL-490WBR,,,
XLWUW-431KK4,,,
XLWUT-6572553,,,
XLWUL-021YP4,,,
XLWUW-6331JP,,,
XLWUL-3908L7,,,
XLWUL-39093J,,,
XLWUL-022D4G,,,
XLWUL-03280K,,,
XLWUL-3908LK,,,
XLWUL-022D3N,,,
XLWUL-3906TV,,,
XLWUL-3909Z9,,,
XLWUL-3905T1,,,
XLWUL-3901F4,,,
XLWUL-022D5T,,,
XLWUL-3908V1,,,
XLWUL-39012C,,,
XLWUL-3908LY,,,
XLWUL-390084,,,
XLWUL-39088C,,,
XLWUL-39076J,,,
XLWUL-380MTH,,,
XLWUL-3900HH,,,
XLWUL-390B5B,,,
XLWUL-390B2L,,,
XLWUL-3906KS,,,
XLWUL-3900B3,,,
XLWUL-3909PW,,,
XLWUL-3909DD,,,
XLWUL-3909JL,,,
XLWUL-390B47,,,
XLWUL-3909VF,,,
XLWUL-380MVL,,,
XLWUL-39095X,,,
XLWUL-3909SY,,,
XLWUL-390936,,,
XLWUL-390519,,,
XLWUL-380MVK,,,
XLWUL-3907TY,,,
XLWUL-380MWW,,,
XLWUL-3901KS,,,
XLWUL-3909SC,,,
XLWUL-3900BX,,,
XLWUL-3903D3,,,
XLWUL-3909NP,,,
XLWUL-3909L2,,,
XLWUL-39004D,,,
XLWUL-380LK3,,,
XLWUL-380MWN,,,
XLWUL-3909YK,,,
XLWUL-3909J6,,,
XLWUL-3909S8,,,
XLWUL-3903KK,,,
XLWUL-39093K,,,
XLWUL-390BJ7,,,
XLWUL-3904B5,,,
XLWUL-3900HS,,,
XLWUL-3909Y9,,,
XLWUL-39016G,,,
XLWUL-3908ST,,,
XLWUL-3903VF,,,
XLWUL-380MS9,,,
XLWUL-3907QB,,,
XLWUL-3904N7,,,
XLWUL-3908K7,,,
XLWUL-3909PZ,,,
XLWUL-390917,,,
XLWUL-3905XM,,,
XLWUL-39085M,,,
XLWUL-3908QJ,,,
XLWUL-3909JG,,,
XLWUL-390881,,,
XLWUL-3909S7,,,
XLWUL-3904FT,,,
XLWUL-3909BY,,,
XLWUL-3909CP,,,
XLWUL-3905NS,,,
XLWUL-3909BX,,,
XLWUL-380LV5,,,
XLWUL-39082W,,,
XLWUL-3909GC,,,
XLWUL-3908K2,,,
XLWUL-39067V,,,
XLWUL-3909W5,,,
XLWUL-3908XB,,,
XLWUL-3909S2,,,
XLWUL-39004V,,,
XLWUL-39055M,,,
XLWUL-380L90,,,
XLWUL-39044Q,,,
XLWUL-39055V,,,
XLWUL-3905G2,,,
XLWUL-3906WF,,,
XLWUL-39000P,,,
XLWUL-39054J,,,
XLWUL-380MTP,,,
XLWUL-380KQZ,,,
XLWUL-3903CB,,,
XLWUL-39087D,,,
XLWUL-39010L,,,
XLWUL-390B83,,,
XLWUL-3908C1,,,
XLWUL-390B7Y,,,
XLWUL-3906TH,,,
XLWUL-3903SB,,,
XLWUL-3909RQ,,,
XLWUL-39088Y,,,
XLWUL-3900SR,,,
XLWUL-3909Y5,,,
XLWUL-3903DM,,,
XLWUL-390B4G,,,
XLWUW-431YX1,,,
XLWUL-380201,,,
XLWUL-3801QR,,,
XLWUL-380217,,,
XLWUL-380256,,,
XLWUL-3801Q3,,,
XLWUL-3801XW,,,
XLWUW-402W60,,,
XLWUL-38021K,,,
XLWUL-38024P,,,
XLWUW-341KV2,,,
XLWUW-1016MJ,,,
XLWUW-222B7H,,,
XLWUW-331JJB,,,
XLWUW-2229JV,,,
XLWUW-222B94,,,
XLWUW-471P85,,,
XLWUW-471PDN,,,
XLWUW-471PCL,,,
XLWUW-471PCQ,,,
XLWUW-471PBK,,,
XLWUW-471PB9,,,
XLWUW-471PDC,,,
XLWUW-471P7S,,,
XLWUW-471P7Y,,,
XLWUW-471P74,,,
XLWUW-471P79,,,
XLWUW-471P97,,,
XLWUW-451KCW,,,
XLWUW-451KCG,,,
XLWUW-471P7D,,,
XLWUW-471P9C,,,
XLWUW-471PC7,,,
XLWUW-451KBF,,,
XLWUW-471PBM,,,
XLWUW-471PC1,,,
XLWUW-471P7H,,,
XLWUW-471PBN,,,
XLWUW-471PCN,,,
XLWUW-471PDV,,,
XLWUW-471PD5,,,
XLWUW-471P82,,,
XLWUW-471P8X,,,
XLWUW-471PB6,,,
XLWUW-432LCN,,,
XLWUW-471P7L,,,
XLWUW-432L5N,,,
XLWUW-471P9R,,,
XLWUW-04262S,,,
XLWUW-04263H,,,
XLWUL-410GZX,,,
XLWUL-410H00,,,
XLWUW-040QYW,,,
XLWUW-372DDK,,,
XLWUL-021YR6,,,
XLWUL-442315,,,
XLWUL-511KPN,,,
XLWUW-39135J,,,
XLWUL-432144,,,
XLWUW-421NJD,,,
XLWUL-430BFW,,,
DUPLICATE-57ca557,,,
XLWUL-461PWW,,,
XLWUL-4221L2,,,
XLWUL-511KQM,,,
XLWUL-511KQK,,,
XLWUL-3821LT,,,
XLWUL-4207ZS,,,
XLWUL-420922,,,
XLWUL-4208RP,,,
XLWUW-502NY8,,,
XLWUW-201KH9,,,
XLWUT-072F9K,,,
XLWUT-072F9J,,,
XLWUL-458872,,,
XLWUW-121NCY,,,
XLWUL-460J85,,,
XLWUL-455905,,,
XLWUL-458887,,,
XLWUL-460J8K,,,
XLWUT-3F0712,,,
XLWUT-451ST9,,,
XLWUL-458855,,,
XLWUL-458885,,,
XLWUL-458862,,,
XLWUL-458881,,,
DUPLICATE-57c80a6,,,
XLWUW-403521,,,
XLWUL-458898,,,
XLWUL-458880,,,
XLWUL-4208SG,,,
XLWUW-031MZT,,,
XLWUL-458892,,,
XLWUL-458910,,,
XLWUL-606793,,,
XLWUL-458906,,,
XLWUW-350PJM,,,
XLWUW-460N4S,,,
DUPLICATE-57c80b9,,,
DUPLICATE-57ca5af,,,
XLWUT-589089,,,
XLWUW-121N9Q,,,
XLWUL-YA04136,,,
XLWUW-152CKW,,,
XLWUL-500307,,,
XLWUT-3F0663,,,
XLWUL-491171,,,
XLWUT-3F0604,,,
XLWUL-491152,,,
XLWUW-MPS432L7H,,,
XLWUL-606805,,,
XLWUL-500303,,,
XLWUL-05U039,,,
XLWUL-BZ4T1N,,,
XLWUL-05TFSZ,,,
XLWUL-05TG13,,,
XLWUL-458858,,,
XLWUW-3626R8,,,
XLWUW-3626N9,,,
XLWUL-05U0H0,,,
XLWUL-05TCWD,,,
XLWUL-05TE3M,,,
XLWUL-05TFSQ,,,
XLWUW-432L7C,,,
XLWUW-502NZ7,,,
XLWUW-502NZG,,,
XLWUW-502NY1,,,
