DNS Name,Computer Name,Domain,Last Detected Time,Last Detected IP Address,Last Detected MAC Address,Last Detected Organization Name,OS Platform,Managed
131.55.0.30,,,9/30/20 8:07:21 AM EDT,131.55.0.30,04:2A:E2:F6:72:30,"Cisco Systems, Inc",Unknown,No
131.55.1.14,,,9/28/20 5:48:32 PM EDT,131.55.1.14,04:2A:E2:CD:C9:30,"Cisco Systems, Inc",Unknown,No
131.55.10.200,,,9/22/20 9:22:16 AM EDT,131.55.10.200,00:A0:21:0C:30:69,General Dynamics,Unknown,No
131.55.101.14,,,9/30/20 10:01:55 AM EDT,131.55.101.14,48:4A:E9:CD:37:5E,Hewlett Packard Enterprise,Unknown,No
131.55.101.22,,,9/30/20 10:02:03 AM EDT,131.55.101.22,48:4A:E9:CD:44:20,Hewlett Packard Enterprise,Unknown,No
131.55.101.26,,,9/30/20 10:02:01 AM EDT,131.55.101.26,48:4A:E9:CD:37:0A,Hewlett Packard Enterprise,Linux,No
131.55.101.32,,,9/29/20 10:02:05 PM EDT,131.55.101.32,00:30:8E:04:0E:E9,"CROSS MATCH TECHNOLOGIES, INC.",Unknown,No
131.55.101.5,175782-ENR-01,R01,9/16/20 6:40:01 PM EDT,131.55.101.5,14:B3:1F:13:8D:B8,Dell Inc.,Unknown,No
131.55.104.196,,,10/1/20 3:16:21 AM EDT,131.55.104.196,00:21:B7:C2:2C:CC,Lexmark International Inc.,Unknown,No
131.55.106.5,,,9/28/20 12:09:26 PM EDT,131.55.106.5,9C:93:4E:B3:8A:27,Xerox Corporation,Unknown,No
131.55.108.23,,,9/24/20 10:02:00 AM EDT,131.55.108.23,50:65:F3:5A:20:FF,Hewlett Packard,Unknown,No
131.55.108.52,,,9/30/20 10:32:09 AM EDT,131.55.108.52,00:11:0A:F7:1A:19,Hewlett Packard,Unknown,No
131.55.108.53,,,9/21/20 4:30:08 PM EDT,131.55.108.53,3C:D9:2B:9F:28:31,Hewlett Packard,Unknown,No
131.55.133.1,,,9/29/20 9:37:57 PM EDT,131.55.133.1,AC:3A:67:E4:98:90,,Unknown,No
131.55.133.1,,,10/1/20 4:20:38 AM EDT,131.55.133.1,AC:3A:67:38:AF:6E,,Unknown,No
131.55.133.12,TYNCSSCMWKP0203,WORKGROUP,8/28/20 4:12:08 PM EDT,131.55.133.12,00:10:6F:02:B9:51,TRENTON TECHNOLOGY INC.,Windows,No
131.55.134.104,XLWU-AS-006P,AREA52,10/1/20 4:36:54 AM EDT,131.55.134.104,AC:1F:6B:13:30:15,"Super Micro Computer, Inc.",Windows,No
131.55.134.204,,,10/1/20 4:38:51 AM EDT,131.55.134.204,00:10:A3:60:80:5B,"OMNITRONIX, INC.",Linux,No
131.55.134.206,,,10/1/20 4:38:51 AM EDT,131.55.134.206,00:10:A3:60:80:5F,"OMNITRONIX, INC.",Linux,No
131.55.134.32,,,10/1/20 4:38:49 AM EDT,131.55.134.32,0C:C4:7A:91:EE:ED,"Super Micro Computer, Inc.",Linux,No
131.55.134.48,,,10/1/20 4:38:49 AM EDT,131.55.134.48,AC:1F:6B:15:9C:21,"Super Micro Computer, Inc.",Linux,No
131.55.136.163,,,10/1/20 5:13:34 AM EDT,131.55.136.163,B0:B8:67:CC:CF:74,Hewlett Packard Enterprise,Linux,No
131.55.136.172,,,10/1/20 5:13:35 AM EDT,131.55.136.172,B0:B8:67:CC:CF:16,Hewlett Packard Enterprise,Linux,No
131.55.136.250,,,9/25/20 10:41:45 AM EDT,131.55.136.250,00:A0:21:0B:75:01,General Dynamics,Unknown,No
131.55.136.65,,,10/1/20 5:13:33 AM EDT,131.55.136.65,9C:8C:D8:CE:70:0E,Hewlett Packard Enterprise,Linux,No
131.55.137.108,,,10/1/20 5:32:52 AM EDT,131.55.137.108,B0:B8:67:CC:ED:46,Hewlett Packard Enterprise,Linux,No
131.55.137.115,XLWUL-3907SG,AREA52,9/30/20 10:12:24 AM EDT,131.55.137.115,48:BA:4E:94:4A:34,Hewlett Packard,Unknown,No
131.55.137.136,XLWUL-3909YR,AREA52,9/23/20 9:10:43 AM EDT,131.55.137.136,48:BA:4E:8F:5F:68,Hewlett Packard,Unknown,No
131.55.137.34,,,10/1/20 5:32:48 AM EDT,131.55.137.34,30:E1:71:83:52:07,Hewlett Packard,Unknown,No
131.55.137.39,XLWUL-022D3Z,WORKGROUP,8/18/20 9:55:13 PM EDT,131.55.137.39,30:E1:71:7D:FC:CA,Hewlett Packard,Unknown,No
131.55.137.42,XLWUL-493XXJ,,9/29/20 1:33:26 PM EDT,131.55.137.42,30:E1:71:83:33:53,Hewlett Packard,Unknown,No
131.55.137.75,,,10/1/20 5:29:07 AM EDT,131.55.137.75,B0:B8:67:CC:EA:98,Hewlett Packard Enterprise,Linux,No
131.55.137.96,,,9/10/20 10:12:39 AM EDT,131.55.137.96,48:BA:4E:91:26:94,Hewlett Packard,Unknown,No
131.55.138.1,,,9/30/20 8:11:59 AM EDT,131.55.138.1,2C:86:D2:04:22:0A,"Cisco Systems, Inc",Unknown,No
131.55.138.71,,,9/30/20 12:25:41 PM EDT,131.55.138.71,40:B0:34:42:23:53,Hewlett Packard,Unknown,No
131.55.144.1,,,9/28/20 12:10:57 PM EDT,131.55.144.1,2C:86:D2:42:39:98,"Cisco Systems, Inc",Unknown,No
131.55.144.1,,,9/28/20 12:10:54 PM EDT,131.55.144.1,AC:3A:67:38:A5:7A,,Unknown,No
131.55.149.127,XLWUL-3903YX,AREA52,9/25/20 12:14:11 PM EDT,131.55.149.127,48:BA:4E:94:F3:AF,Hewlett Packard,Unknown,No
131.55.149.59,,,9/30/20 9:06:34 AM EDT,131.55.149.59,B0:B8:67:CC:6D:92,Hewlett Packard Enterprise,Linux,No
131.55.149.89,,,9/19/20 9:55:35 AM EDT,131.55.149.89,9C:8C:D8:CE:70:14,Hewlett Packard Enterprise,Linux,No
131.55.152.22,,,9/22/20 1:45:45 PM EDT,131.55.152.22,48:BA:4E:90:D0:97,Hewlett Packard,Unknown,No
131.55.154.129,,,9/13/20 10:03:34 AM EDT,131.55.154.129,CC:E1:7F:C9:BE:C5,Juniper Networks,Unknown,No
131.55.154.16,VDYDL-40071C,AREA52,9/22/20 12:08:28 PM EDT,131.55.154.16,48:BA:4E:97:34:F0,Hewlett Packard,Unknown,No
131.55.157.37,,,9/25/20 10:05:35 AM EDT,131.55.157.37,9C:8C:D8:CE:70:06,Hewlett Packard Enterprise,Linux,No
131.55.157.38,,,8/27/20 2:00:51 PM EDT,131.55.157.38,54:E1:AD:66:18:2E,"LCFC(HeFei) Electronics Technology co., ltd",Windows,No
131.55.158.98,,,8/26/20 10:16:03 AM EDT,131.55.158.98,00:17:65:F7:0E:3B,Nortel,Unknown,No
131.55.159.22,XLWUW-2924LK,,8/17/20 3:09:01 PM EDT,131.55.159.22,18:60:24:A6:87:8C,Hewlett Packard,Windows,No
131.55.159.242,,,9/30/20 3:27:15 PM EDT,131.55.159.242,00:0F:E5:00:E0:40,MERCURY SECURITY CORPORATION,Unknown,No
131.55.159.26,XLWUL-031KWP,AREA52,9/1/20 12:20:51 PM EDT,131.55.159.26,C8:D3:FF:77:CF:EF,Hewlett Packard,Unknown,No
131.55.16.127,TYN-FAM-HLTH,PYXISGROUP,10/1/20 5:45:47 AM EDT,131.55.16.127,00:07:32:39:1A:C5,AAEON Technology Inc.,Windows,No
131.55.16.129,TYN-FLT-MED,PYXISGROUP,10/1/20 5:44:21 AM EDT,131.55.16.129,00:07:32:39:05:3B,AAEON Technology Inc.,Windows,No
131.55.16.145,,,10/1/20 5:45:08 AM EDT,131.55.16.145,00:10:40:2A:CC:1B,INTERMEC CORPORATION,BSD,No
131.55.16.146,,,10/1/20 5:44:21 AM EDT,131.55.16.146,00:10:40:2A:D8:2A,INTERMEC CORPORATION,BSD,No
131.55.16.15,TYNDALL-DIIA,,10/1/20 5:45:05 AM EDT,131.55.16.15,00:50:56:98:2B:75,"VMware, Inc.",Windows,No
131.55.16.151,52XLWU-BS-CV2,WORKGROUP,10/1/20 5:45:03 AM EDT,131.55.16.151,00:00:0F:00:10:06,"NEXT, INC.",Windows,No
131.55.16.167,,,9/30/20 7:48:13 PM EDT,131.55.16.167,00:50:56:98:3C:23,"VMware, Inc.",Linux,No
131.55.16.182,TY-WOMC1,,10/1/20 5:45:50 AM EDT,131.55.16.182,74:FE:48:45:36:94,"ADVANTECH CO., LTD.",Windows,No
131.55.16.40,101488DIM2P,,9/29/20 1:42:14 PM EDT,131.55.16.40,00:04:23:C5:00:90,Intel Corporation,Windows,No
131.55.16.6,TYNDA01,AHLTA,10/1/20 5:45:05 AM EDT,131.55.16.6,00:0C:29:A2:90:3C,"VMware, Inc.",Windows,No
131.55.16.80,3K101488S1,PYXISGROUP,10/1/20 5:44:35 AM EDT,131.55.16.80,00:1E:67:94:BA:08,Intel Corporate,Windows,No
131.55.160.1,,,9/28/20 8:36:46 AM EDT,131.55.160.1,00:CA:E5:BD:CA:06,"Cisco Systems, Inc",Unknown,No
131.55.160.182,101520-01,RAPIDS,10/1/20 4:17:57 AM EDT,131.55.160.182,50:9A:4C:57:30:37,Dell Inc.,Unknown,No
131.55.160.183,101520-03,RAPIDS,10/1/20 4:17:57 AM EDT,131.55.160.183,50:9A:4C:4C:A0:CD,Dell Inc.,Windows,No
131.55.160.184,101520-02,RAPIDS,10/1/20 4:17:57 AM EDT,131.55.160.184,50:9A:4C:4C:A7:23,Dell Inc.,Unknown,No
131.55.167.101,XLWUL-022DZ0,AREA52,9/10/20 3:45:32 PM EDT,131.55.167.101,30:E1:71:7D:76:54,Hewlett Packard,Unknown,No
131.55.176.1,,,9/30/20 10:35:44 PM EDT,131.55.176.1,2C:86:D2:04:54:1C,"Cisco Systems, Inc",Unknown,No
131.55.176.217,,,10/1/20 4:28:05 AM EDT,131.55.176.217,F4:2E:7F:CA:C1:2E,"Aruba, a Hewlett Packard Enterprise Company",Linux,No
131.55.176.218,,,10/1/20 4:28:05 AM EDT,131.55.176.218,9C:8C:D8:CE:6C:82,Hewlett Packard Enterprise,Linux,No
131.55.176.221,,,10/1/20 4:28:03 AM EDT,131.55.176.221,F4:2E:7F:CA:C0:AA,"Aruba, a Hewlett Packard Enterprise Company",Linux,No
131.55.176.57,,,10/1/20 4:31:22 AM EDT,131.55.176.57,9C:8C:D8:CE:6C:70,Hewlett Packard Enterprise,Linux,No
131.55.177.1,,,9/28/20 12:12:19 PM EDT,131.55.177.1,2C:86:D2:42:4D:04,"Cisco Systems, Inc",Unknown,No
131.55.177.1,,,9/18/20 10:07:51 AM EDT,131.55.177.1,AC:3A:67:38:BC:7F,,Unknown,No
131.55.178.65,,,9/14/20 6:01:58 PM EDT,131.55.178.65,B0:B8:67:CC:74:D4,Hewlett Packard Enterprise,Linux,No
131.55.178.69,XLWUL-493Z8J,AREA52,9/30/20 8:13:16 AM EDT,131.55.178.69,30:E1:71:84:00:D6,Hewlett Packard,Unknown,No
131.55.178.97,,,9/28/20 2:31:37 PM EDT,131.55.178.97,38:63:BB:B8:BF:17,Hewlett Packard,Unknown,No
131.55.19.10,XLWU-MD-R03V,WORKGROUP,10/1/20 5:14:21 AM EDT,131.55.19.10,00:15:5D:13:07:01,Microsoft Corporation,Windows,No
131.55.19.12,XLWU-MD-TALKP,IMPAX,10/1/20 5:16:32 AM EDT,131.55.19.12,40:A8:F0:33:84:18,Hewlett Packard,Windows,No
131.55.19.14,52XLWVDB900,IMPAX,10/1/20 5:11:41 AM EDT,131.55.19.14,F4:CE:46:B2:1F:E4,Hewlett Packard,Windows,No
131.55.19.15,52XLWVDB901,IMPAX,10/1/20 5:09:13 AM EDT,131.55.19.15,D4:85:64:78:E9:04,Hewlett Packard,Windows,No
131.55.19.16,,,9/11/20 3:09:41 PM EDT,131.55.19.16,A0:36:9F:88:B0:C5,Intel Corporate,Windows,No
131.55.19.17,XLWU-MD-R04V,AREA52,10/1/20 5:13:50 AM EDT,131.55.19.17,00:15:5D:13:07:03,Microsoft Corporation,Windows,No
131.55.19.18,XLWU-MD-R05V,WORKGROUP,10/1/20 5:14:21 AM EDT,131.55.19.18,00:15:5D:13:07:02,Microsoft Corporation,Windows,No
131.55.19.20,XLWU-MD-R07V,AREA52,10/1/20 5:14:23 AM EDT,131.55.19.20,00:15:5D:EF:E1:00,Microsoft Corporation,Windows,No
131.55.19.21,52XLWVSS900,IMPAX,10/1/20 5:13:46 AM EDT,131.55.19.21,D4:85:64:CF:01:6C,Hewlett Packard,Windows,No
131.55.19.23,52XLWVSS901,IMPAX,10/1/20 5:10:38 AM EDT,131.55.19.23,78:AC:C0:88:CB:EC,Hewlett Packard,Windows,No
131.55.19.24,XLWU-MD-R08V,WORKGROUP,10/1/20 5:16:46 AM EDT,131.55.19.24,00:15:5D:EF:E1:01,Microsoft Corporation,Windows,No
131.55.19.25,XLWU-MD-R09V,WORKGROUP,10/1/20 5:12:15 AM EDT,131.55.19.25,00:15:5D:EF:E1:02,Microsoft Corporation,Windows,No
131.55.19.26,,,10/1/20 5:09:13 AM EDT,131.55.19.26,8C:EC:4B:C6:6B:76,Dell Inc.,Windows,No
131.55.19.28,XLWU-MD-R10V,WORKGROUP,10/1/20 5:14:23 AM EDT,131.55.19.28,00:15:5D:EF:E1:03,Microsoft Corporation,Windows,No
131.55.19.31,,,9/30/20 3:16:42 PM EDT,131.55.19.31,00:E0:F4:30:FF:A4,INSIDE Technology A/S,Windows,No
131.55.19.32,ENCORE-WES7,WORKGROUP,9/30/20 3:16:41 PM EDT,131.55.19.32,68:05:CA:92:BF:67,Intel Corporate,Windows,No
131.55.19.33,2UA6021JWB,WORKGROUP,9/30/20 3:12:17 PM EDT,131.55.19.33,50:65:F3:44:85:9B,Hewlett Packard,Windows,No
131.55.19.34,VF1,WORKGROUP,8/24/20 5:09:24 PM EDT,131.55.19.34,98:90:96:D5:9C:C0,Dell Inc.,Windows,No
131.55.19.40,XLWUW-09238,IMPAX,10/1/20 5:12:30 AM EDT,131.55.19.40,EC:B1:D7:3B:81:8E,Hewlett Packard,Windows,No
131.55.19.8,XLWU-MD-R02V,WORKGROUP,10/1/20 5:12:54 AM EDT,131.55.19.8,00:15:5D:13:07:00,Microsoft Corporation,Windows,No
131.55.192.132,XLWUW-491S83,AREA52,8/21/20 4:20:19 PM EDT,131.55.192.132,E0:1A:EA:15:5C:3E,"Allied Telesis, Inc.",Windows,No
131.55.196.1,,,9/12/20 7:25:51 AM EDT,131.55.196.1,00:00:5E:00:01:C4,USC INFORMATION SCIENCES INST,Unknown,No
131.55.2.24,,,9/29/20 4:10:32 PM EDT,131.55.2.24,04:2A:E2:0E:4D:31,"Cisco Systems, Inc",Unknown,No
131.55.20.12,XLWU-BK-001V,AREA52,10/1/20 2:02:54 AM EDT,131.55.20.12,6C:2B:59:90:31:A1,Dell Inc.,Windows,No
131.55.210.21,XLWUL-022FCG,AREA52,9/30/20 11:14:15 AM EDT,131.55.210.21,30:E1:71:7E:B6:FC,Hewlett Packard,Unknown,No
131.55.210.211,,,10/1/20 4:16:54 AM EDT,131.55.210.211,AC:DB:DA:58:26:94,"Shenzhen Geniatech Inc, Ltd",Linux,No
131.55.216.165,,,9/11/20 8:31:35 AM EDT,131.55.216.165,00:20:4A:13:41:FD,PRONET GMBH,Unknown,No
131.55.232.34,,,10/1/20 4:27:27 AM EDT,131.55.232.34,AC:DB:DA:37:20:9E,"Shenzhen Geniatech Inc, Ltd",Linux,No
131.55.234.20,,,8/25/20 9:42:02 AM EDT,131.55.234.20,78:45:01:08:BA:F5,Biamp Systems,Unknown,No
131.55.234.4,XLWUL-3906GV,AREA52,9/25/20 10:34:48 AM EDT,131.55.234.4,48:BA:4E:8F:8E:E3,Hewlett Packard,Unknown,No
131.55.24.26,,,10/1/20 5:32:26 AM EDT,131.55.24.26,00:A0:03:11:97:56,STAEFA CONTROL SYSTEM,Unknown,No
131.55.242.14,XLWUL-493Z73,AREA52,9/14/20 4:09:20 PM EDT,131.55.242.14,30:E1:71:84:00:88,Hewlett Packard,Windows,No
131.55.242.156,XLWUL-493XVL,AREA52,9/21/20 4:10:08 PM EDT,131.55.242.156,30:E1:71:83:22:4B,Hewlett Packard,Windows,No
131.55.242.69,XLWUL-05U04U,,9/21/20 4:12:11 PM EDT,131.55.242.69,54:E1:AD:62:5D:87,"LCFC(HeFei) Electronics Technology co., ltd",Windows,No
131.55.248.112,,,9/28/20 11:33:09 AM EDT,131.55.248.112,CC:A5:7F:C9:6E:41,,Unknown,No
131.55.248.46,XLWU-FS-005P,AREA52,10/1/20 5:16:06 AM EDT,131.55.248.46,A0:36:9F:EE:27:E0,Intel Corporate,Windows,No
131.55.248.56,XLWUW-421NDP,AREA52,9/8/20 10:15:14 AM EDT,131.55.248.56,EC:8E:B5:71:32:76,Hewlett Packard,Windows,No
131.55.248.85,XLWU-DC-777V,,10/1/20 5:17:16 AM EDT,131.55.248.85,00:50:56:8F:04:D4,"VMware, Inc.",Windows,No
131.55.249.124,,,10/1/20 4:49:20 AM EDT,131.55.249.124,64:00:6A:BF:2F:B4,Dell Inc.,Linux,No
131.55.249.140,,,10/1/20 4:49:22 AM EDT,131.55.249.140,64:00:6A:BF:3C:28,Dell Inc.,Linux,No
131.55.249.15,,,10/1/20 4:48:48 AM EDT,131.55.249.15,00:50:56:87:AE:76,"VMware, Inc.",Linux,No
131.55.249.160,XLWU-FS-01PV,AREA52,10/1/20 4:48:55 AM EDT,131.55.249.160,00:60:48:1D:CE:CC,EMC CORPORATION,Unknown,No
131.55.249.217,XLWU-FS-GDBP,AREA52,10/1/20 4:50:59 AM EDT,131.55.249.217,94:40:C9:1F:88:D2,Hewlett Packard Enterprise,Windows,No
131.55.249.239,,,10/1/20 4:49:00 AM EDT,131.55.249.239,00:0C:29:0C:96:31,"VMware, Inc.",Unknown,No
131.55.249.245,,,10/1/20 4:49:25 AM EDT,131.55.249.245,4C:D9:8F:96:28:90,Dell Inc.,Linux,No
131.55.249.246,,,10/1/20 4:49:26 AM EDT,131.55.249.246,4C:D9:8F:96:23:77,Dell Inc.,Linux,No
131.55.249.247,,,10/1/20 4:49:35 AM EDT,131.55.249.247,00:50:56:64:A1:D2,"VMware, Inc.",Unknown,No
131.55.249.248,,,10/1/20 4:49:28 AM EDT,131.55.249.248,C8:1F:66:EF:06:AF,Dell Inc.,Unknown,No
131.55.249.249,,,10/1/20 4:53:56 AM EDT,131.55.249.249,C8:1F:66:BD:2E:8F,Dell Inc.,Unknown,No
131.55.249.250,,,10/1/20 4:49:37 AM EDT,131.55.249.250,C8:1F:66:EF:DE:B4,Dell Inc.,Unknown,No
131.55.249.30,52XLWU-DB07-01,AREA52,10/1/20 4:54:13 AM EDT,131.55.249.30,44:A8:42:1D:C2:38,Dell Inc.,Windows,No
131.55.26.1,,,9/26/20 5:31:50 PM EDT,131.55.26.1,CC:E1:7F:C9:6E:45,Juniper Networks,Unknown,No
131.55.26.106,,,9/11/20 11:30:14 PM EDT,131.55.26.106,18:BB:B1:AE:7C:91,,Unknown,No
131.55.26.106,,,9/20/20 1:33:53 AM EDT,131.55.26.106,68:FB:97:AE:7C:91,,Unknown,No
131.55.26.106,,,9/18/20 1:30:46 PM EDT,131.55.26.106,F5:7B:EF:AE:7C:91,,Unknown,No
131.55.26.106,,,9/27/20 1:30:45 AM EDT,131.55.26.106,1C:3B:EF:AE:7C:91,,Unknown,No
131.55.26.106,,,9/15/20 9:58:41 AM EDT,131.55.26.106,9C:7B:2F:2E:0A:91,,Unknown,No
131.55.26.106,,,9/18/20 7:29:48 AM EDT,131.55.26.106,24:FB:6F:2E:A8:91,,Unknown,No
131.55.26.106,,,9/17/20 9:30:26 PM EDT,131.55.26.106,F5:FB:EF:AE:7C:91,,Unknown,No
131.55.26.106,,,9/22/20 9:24:48 PM EDT,131.55.26.106,F8:7B:EF:2A:F8:91,,Unknown,No
131.55.26.106,,,9/28/20 5:31:37 PM EDT,131.55.26.106,9C:7B:96:06:7C:91,,Unknown,No
131.55.26.106,,,9/30/20 9:30:08 PM EDT,131.55.26.106,9C:FB:EF:AE:7C:91,,Unknown,No
131.55.26.106,,,9/15/20 2:01:50 AM EDT,131.55.26.106,78:FB:AB:AE:7C:91,,Unknown,No
131.55.26.106,,,9/11/20 3:32:26 PM EDT,131.55.26.106,1C:7B:6F:AE:7C:91,,Unknown,No
131.55.26.106,,,9/15/20 2:05:15 PM EDT,131.55.26.106,E4:7B:EF:AE:7C:91,,Unknown,No
131.55.26.106,,,9/30/20 9:28:42 PM EDT,131.55.26.106,9C:7B:57:AE:04:91,,Unknown,No
131.55.26.106,,,9/23/20 7:30:10 AM EDT,131.55.26.106,9C:7B:EF:47:C4:E3,Hewlett Packard,Unknown,No
131.55.26.106,,,9/11/20 9:31:39 PM EDT,131.55.26.106,9C:7B:EF:AE:7C:95,Hewlett Packard,Unknown,No
131.55.26.106,,,9/17/20 1:35:06 PM EDT,131.55.26.106,9C:7B:EF:AE:7C:A9,Hewlett Packard,Unknown,No
131.55.26.106,,,9/18/20 7:29:26 PM EDT,131.55.26.106,9C:7B:EF:AE:2D:11,Hewlett Packard,Unknown,No
131.55.26.106,,,9/18/20 7:26:03 AM EDT,131.55.26.106,9C:C3:EF:D8:7C:91,,Unknown,No
131.55.26.106,,,9/18/20 7:29:50 AM EDT,131.55.26.106,1C:7B:93:AE:7C:91,,Unknown,No
131.55.26.106,,,9/13/20 10:04:00 AM EDT,131.55.26.106,9C:7B:24:16:3C:91,,Unknown,No
131.55.26.106,,,9/29/20 5:28:19 AM EDT,131.55.26.106,9C:C3:C7:D6:7C:91,,Unknown,No
131.55.26.106,,,9/28/20 1:32:52 AM EDT,131.55.26.106,9C:13:53:AE:7C:91,,Unknown,No
131.55.26.106,,,9/26/20 1:28:17 AM EDT,131.55.26.106,6A:DF:AF:AE:7C:91,,Unknown,No
131.55.26.106,,,9/28/20 9:29:22 AM EDT,131.55.26.106,9C:F9:EF:D8:7C:91,,Unknown,No
131.55.26.106,,,9/15/20 4:00:20 PM EDT,131.55.26.106,9C:0D:6F:AE:7C:91,,Unknown,No
131.55.26.106,,,9/17/20 9:31:59 PM EDT,131.55.26.106,9C:53:EF:06:7C:91,,Unknown,No
131.55.26.106,,,9/25/20 7:32:40 AM EDT,131.55.26.106,9C:03:67:AE:7C:91,,Unknown,No
131.55.26.106,,,9/25/20 1:27:03 PM EDT,131.55.26.106,65:FB:8F:AE:7C:91,,Unknown,No
131.55.26.106,,,9/29/20 11:31:30 AM EDT,131.55.26.106,9C:0B:EF:AE:7C:91,,Unknown,No
131.55.26.106,,,9/11/20 11:29:47 PM EDT,131.55.26.106,9C:8E:6F:D8:7C:91,,Unknown,No
131.55.26.106,,,9/12/20 5:33:25 AM EDT,131.55.26.106,1C:23:EF:AE:7C:91,,Unknown,No
131.55.26.106,,,9/27/20 11:26:01 AM EDT,131.55.26.106,E2:7B:EF:AE:7C:91,,Unknown,No
131.55.26.106,,,9/27/20 1:27:56 PM EDT,131.55.26.106,4C:FB:99:AE:7C:91,,Unknown,No
131.55.26.106,,,9/14/20 2:00:37 PM EDT,131.55.26.106,1C:9F:EF:AE:7C:91,,Unknown,No
131.55.26.106,,,9/29/20 9:33:43 AM EDT,131.55.26.106,9C:FF:C7:EA:7C:91,,Unknown,No
131.55.26.106,,,9/24/20 3:29:39 AM EDT,131.55.26.106,4C:FB:89:AE:7C:91,,Unknown,No
131.55.26.106,,,9/12/20 1:30:32 AM EDT,131.55.26.106,9C:7B:AF:0A:7C:91,,Unknown,No
131.55.26.106,,,9/17/20 7:31:54 PM EDT,131.55.26.106,34:7B:EF:AE:7C:91,,Unknown,No
131.55.26.106,,,9/14/20 7:58:10 PM EDT,131.55.26.106,9C:3B:43:AE:7C:91,,Unknown,No
131.55.26.106,,,9/15/20 8:00:19 AM EDT,131.55.26.106,D8:7B:EF:AE:7C:91,,Unknown,No
131.55.26.108,,,9/30/20 9:33:07 PM EDT,131.55.26.108,54:4F:64:6B:E4:75,,Unknown,No
131.55.26.108,,,9/12/20 11:25:17 AM EDT,131.55.26.108,54:BF:24:EF:E4:75,,Unknown,No
131.55.26.108,,,9/29/20 1:33:55 PM EDT,131.55.26.108,EC:BF:3D:6B:E4:75,,Unknown,No
131.55.26.108,,,9/28/20 11:28:43 AM EDT,131.55.26.108,2D:3F:64:6B:E4:75,,Unknown,No
131.55.26.108,,,9/15/20 12:04:20 PM EDT,131.55.26.108,34:BF:64:6B:E4:75,,Unknown,No
131.55.26.108,,,9/20/20 7:33:38 AM EDT,131.55.26.108,50:BF:64:6B:E4:75,,Unknown,No
131.55.26.108,,,9/10/20 9:28:14 AM EDT,131.55.26.108,9F:07:0E:6B:E4:75,,Unknown,No
131.55.26.108,,,9/14/20 7:56:13 PM EDT,131.55.26.108,54:BF:64:2B:66:75,Dell Inc.,Unknown,No
131.55.26.108,,,9/16/20 12:00:57 AM EDT,131.55.26.108,54:BF:64:6B:E4:71,Dell Inc.,Unknown,No
131.55.26.108,,,9/28/20 1:27:34 PM EDT,131.55.26.108,54:BF:64:43:E4:75,Dell Inc.,Unknown,No
131.55.26.108,,,9/29/20 1:28:25 AM EDT,131.55.26.108,54:BF:64:C7:E4:35,Dell Inc.,Unknown,No
131.55.26.108,,,9/11/20 9:32:32 PM EDT,131.55.26.108,54:BF:64:BB:4C:11,Dell Inc.,Unknown,No
131.55.26.108,,,9/13/20 11:54:29 AM EDT,131.55.26.108,54:BF:64:A0:5C:31,Dell Inc.,Unknown,No
131.55.26.108,,,8/18/20 12:02:00 PM EDT,131.55.26.108,54:BF:64:3A:74:75,Dell Inc.,Unknown,No
131.55.26.108,,,9/24/20 7:32:34 AM EDT,131.55.26.108,54:57:D0:2B:E4:75,,Unknown,No
131.55.26.108,,,9/22/20 1:26:57 AM EDT,131.55.26.108,54:3F:64:F9:E4:75,,Unknown,No
131.55.26.108,,,9/21/20 9:26:08 PM EDT,131.55.26.108,DC:BF:64:6B:E4:75,,Unknown,No
131.55.26.108,,,9/30/20 9:26:58 PM EDT,131.55.26.108,F8:BF:3C:6B:E4:75,,Unknown,No
131.55.26.108,,,9/26/20 1:34:12 PM EDT,131.55.26.108,D4:0B:64:EB:E4:CD,,Unknown,No
131.55.26.111,,,9/25/20 11:33:01 AM EDT,131.55.26.111,98:E7:B4:3C:FA:FB,,Unknown,No
131.55.26.164,,,9/16/20 1:59:19 AM EDT,131.55.26.164,18:E0:24:5D:27:35,,Unknown,No
131.55.26.169,,,9/22/20 5:29:18 PM EDT,131.55.26.169,61:53:B6:BD:44:8B,,Unknown,No
131.55.26.177,,,9/3/20 5:05:49 PM EDT,131.55.26.177,10:67:FE:38:C0:62,,Unknown,No
131.55.26.179,,,9/4/20 11:33:54 PM EDT,131.55.26.179,9A:60:24:E5:26:84,,Unknown,No
131.55.26.182,,,9/21/20 5:28:20 PM EDT,131.55.26.182,1A:60:24:E5:2F:1F,,Unknown,No
131.55.26.34,,,9/6/20 5:31:15 AM EDT,131.55.26.34,18:60:24:9F:AA:B1,Hewlett Packard,Windows,No
131.55.26.34,,,9/5/20 3:31:33 AM EDT,131.55.26.34,18:D8:24:61:2A:B1,,Unknown,No
131.55.26.37,,,9/1/20 11:06:33 PM EDT,131.55.26.37,18:31:24:E5:25:B8,,Unknown,No
131.55.26.45,,,9/18/20 7:32:47 PM EDT,131.55.26.45,F4:7B:EF:AE:7B:D7,,Unknown,No
131.55.26.45,,,9/25/20 5:34:01 PM EDT,131.55.26.45,9C:7B:EB:AE:7B:D7,,Unknown,No
131.55.26.55,,,9/13/20 4:03:02 PM EDT,131.55.26.55,D8:9E:F3:88:86:67,Dell Inc.,Unknown,No
131.55.26.60,,,9/20/20 9:34:19 AM EDT,131.55.26.60,9C:7B:EF:AE:7A:AB,Hewlett Packard,Unknown,No
131.55.26.60,,,9/22/20 11:28:42 PM EDT,131.55.26.60,9C:3B:6F:AE:7A:A9,,Unknown,No
131.55.26.60,,,9/3/20 1:01:47 PM EDT,131.55.26.60,9C:F9:EF:FF:7A:A9,,Unknown,No
131.55.26.60,,,9/10/20 7:27:33 PM EDT,131.55.26.60,9C:92:6F:EC:7A:A9,,Unknown,No
131.55.26.64,,,9/19/20 7:32:10 AM EDT,131.55.26.64,98:E3:F4:BD:50:FF,,Unknown,No
131.55.26.64,,,9/27/20 1:28:07 AM EDT,131.55.26.64,98:2F:74:DF:50:FF,,Unknown,No
131.55.26.64,,,9/13/20 7:57:15 AM EDT,131.55.26.64,61:67:AC:BD:50:FF,,Unknown,No
131.55.26.64,,,9/12/20 5:27:55 AM EDT,131.55.26.64,98:E7:80:39:50:FF,,Unknown,No
131.55.26.65,,,9/25/20 7:29:38 PM EDT,131.55.26.65,58:67:B2:BD:51:0E,,Unknown,No
131.55.26.65,,,9/11/20 11:30:46 AM EDT,131.55.26.65,98:E7:F4:59:D1:4F,Hewlett Packard,Unknown,No
131.55.33.202,,,9/3/20 10:21:27 AM EDT,131.55.33.202,00:0F:E5:09:FA:28,MERCURY SECURITY CORPORATION,Unknown,No
131.55.39.23,,,9/27/20 10:09:25 PM EDT,131.55.39.23,00:A0:21:0A:9A:EB,General Dynamics,Unknown,No
131.55.42.7,,,9/19/20 5:52:26 PM EDT,131.55.42.7,D4:3D:7E:E9:A0:D9,"Micro-Star Int'l Co, Ltd",Unknown,No
131.55.42.72,,,9/22/20 2:35:27 PM EDT,131.55.42.72,AC:DB:DA:50:2C:C6,"Shenzhen Geniatech Inc, Ltd",Unknown,No
131.55.42.90,,,8/19/20 1:33:36 PM EDT,131.55.42.90,AC:DB:DA:58:0B:15,"Shenzhen Geniatech Inc, Ltd",Unknown,No
131.55.6.34,,,9/29/20 4:10:29 PM EDT,131.55.6.34,04:2A:E2:7F:D1:00,"Cisco Systems, Inc",Unknown,No
131.55.90.1,,,8/18/20 6:19:57 PM EDT,131.55.90.1,00:00:5E:00:01:5A,USC INFORMATION SCIENCES INST,Unknown,No
131.55.90.14,XLWUL-0327ZR,AREA52,8/18/20 6:11:47 PM EDT,131.55.90.14,34:F3:9A:74:4F:B4,Intel Corporate,Windows,No
131.55.90.17,XLWUL-784753,,8/23/20 2:18:03 PM EDT,131.55.90.17,C0:33:5E:64:D8:11,Microsoft,Windows,No
131.55.90.19,,,9/22/20 10:05:11 PM EDT,131.55.90.19,34:F3:9A:76:86:AD,Intel Corporate,Unknown,No
131.55.90.20,XLWUT-80183653,AREA52,8/23/20 4:20:11 PM EDT,131.55.90.20,C0:33:5E:64:B8:DF,Microsoft,Windows,No
131.55.90.21,XLWUT-894584753,,8/18/20 12:18:48 PM EDT,131.55.90.21,C0:33:5E:64:DA:EF,Microsoft,Windows,No
131.55.90.27,XLWUT-897184753,AREA52,8/23/20 10:16:34 AM EDT,131.55.90.27,C0:33:5E:64:D8:77,Microsoft,Windows,No
131.55.90.33,XLWUL-583253,AREA52,9/22/20 6:01:22 AM EDT,131.55.90.33,F0:6E:0B:D4:C1:46,Microsoft Corporation,Unknown,No
131.55.90.9,XLWUT-75858475,,8/23/20 4:19:59 PM EDT,131.55.90.9,C0:33:5E:64:D8:7D,Microsoft,Windows,No
131.55.91.1,,,9/10/20 9:03:47 PM EDT,131.55.91.1,00:00:5E:00:01:5B,USC INFORMATION SCIENCES INST,Unknown,No
131.55.91.222,,,10/1/20 2:09:35 AM EDT,131.55.91.222,AC:1F:6B:A4:DD:7B,"Super Micro Computer, Inc.",Unknown,No
131.55.91.225,,,10/1/20 2:14:15 AM EDT,131.55.91.225,AC:1F:6B:AC:F5:31,"Super Micro Computer, Inc.",Unknown,No
131.55.91.4,,,10/1/20 2:09:30 AM EDT,131.55.91.4,44:48:C1:C5:36:0A,Hewlett Packard Enterprise,Linux,No
131.55.92.22,,,9/29/20 9:12:47 AM EDT,131.55.92.22,B8:8A:60:EE:9B:0C,Intel Corporate,Unknown,No
131.55.93.1,,,9/21/20 1:11:03 PM EDT,131.55.93.1,00:00:5E:00:01:5D,USC INFORMATION SCIENCES INST,Unknown,No
131.55.93.22,XLWUT-519484753,AREA52,8/19/20 2:12:58 PM EDT,131.55.93.22,C0:33:5E:64:DA:71,Microsoft,Unknown,No
131.55.94.14,,,9/25/20 10:04:15 AM EDT,131.55.94.14,C0:33:5E:64:D7:4F,Microsoft,Unknown,No
131.55.95.51,,,8/18/20 12:14:54 PM EDT,131.55.95.51,B8:8A:60:EE:9B:6B,Intel Corporate,Unknown,No
131.55.95.8,XLWUT-97183453,AREA52,8/18/20 4:15:42 PM EDT,131.55.95.8,C0:33:5E:64:B0:D9,Microsoft,Windows,No
131.55.96.56,XLWUT-183684753,AREA52,8/18/20 12:14:50 PM EDT,131.55.96.56,C0:33:5E:64:D9:FF,Microsoft,Windows,No
131.55.96.59,,,9/22/20 10:02:32 AM EDT,131.55.96.59,F8:34:41:66:73:71,Intel Corporate,Unknown,No
175782-ACW-01,175782-ACW-01,R01,9/30/20 10:00:57 AM EDT,131.55.101.23,F4:8E:38:D6:A4:69,Dell Inc.,Windows,No
175782-ACW-02,175782-ACW-02,R01,9/30/20 10:01:29 AM EDT,131.55.101.15,F4:8E:38:DA:BC:3C,Dell Inc.,Windows,No
175782-ENR-02,175782-ENR-02,R01,9/30/20 10:02:10 AM EDT,131.55.101.6,F4:8E:38:D6:AB:3B,Dell Inc.,Windows,No
175782-ENR-03,175782-ENR-03,R01,9/30/20 10:02:01 AM EDT,131.55.101.8,F4:8E:38:D6:98:5F,Dell Inc.,Windows,No
175782-ENR-04,175782-ENR-04,R01,9/30/20 10:00:26 AM EDT,131.55.101.9,D8:9E:F3:76:B6:81,Dell Inc.,Windows,No
52xlwu-es-301p.area52.afnoapps.usaf.mil,,,9/29/20 3:31:09 PM EDT,131.55.249.245,64:E1:7F:C9:6E:41,,Unknown,No
52XLWUW3-AFAS09,52XLWUW3-AFAS09,AFAS-IDS5,10/1/20 4:21:05 AM EDT,131.55.100.139,64:51:06:39:D3:6B,Hewlett Packard,Windows,No
52XLWUW3-AFAS14,52XLWUW3-AFAS14,,10/1/20 4:18:21 AM EDT,131.55.100.144,B4:B5:2F:DF:8A:D1,Hewlett Packard,Windows,No
52XLWUW3-AFAS16,52XLWUW3-AFAS16,,10/1/20 4:12:27 AM EDT,131.55.100.80,64:51:06:45:01:02,Hewlett Packard,Windows,No
52XLWUW3-AFAS17,52XLWUW3-AFAS17,,10/1/20 4:18:48 AM EDT,131.55.100.95,64:51:06:38:E9:89,Hewlett Packard,Windows,No
9C934EB3DBBF,,,9/29/20 3:01:34 PM EDT,131.55.106.25,9C:93:4E:B3:DB:BF,Xerox Corporation,Unknown,No
ACS20008,ACS20008,MAF,10/1/20 5:16:44 AM EDT,131.55.19.36,00:25:90:54:62:00,"Super Micro Computer, Inc.",Windows,No
B720n05B7F0,,,10/1/20 5:45:50 AM EDT,131.55.16.103,00:50:27:05:B7:F0,GENICOM CORPORATION,Unknown,No
CE00WX886XLT,CE00WX886XLT,,9/24/20 4:10:21 PM EDT,131.55.177.14,10:62:E5:F5:73:60,Hewlett Packard,Windows,No
Cepheid-0F06899,CEPHEID-0F06899,,10/1/20 5:40:17 AM EDT,131.55.16.132,A0:CE:C8:CB:9F:05,CE LINK LIMITED,Windows,No
DBEDL-CES173H,DBEDL-CES173H,AREA52,9/1/20 6:31:50 PM EDT,131.55.176.159,98:E7:F4:F7:80:28,Hewlett Packard,Windows,No
fnwzl-489011KBQ,FNWZL-489011KBQ,AREA52,10/1/20 4:34:18 AM EDT,131.55.138.163,30:E1:71:85:69:0F,Hewlett Packard,Windows,No
FTFAL-022D5N,FTFAL-022D5N,AREA52,8/28/20 6:33:25 AM EDT,131.55.136.140,30:E1:71:7D:6B:3B,Hewlett Packard,Windows,No
FTFAL-022FDY,FTFAL-022FDY,AREA52,9/8/20 3:14:58 PM EDT,131.55.136.123,30:E1:71:7D:F3:1A,Hewlett Packard,Windows,No
FTFAL-03280V,FTFAL-03280V,AREA52,8/28/20 10:37:42 AM EDT,131.55.136.124,30:E1:71:7F:AD:BD,Hewlett Packard,Windows,No
ftfal-3909vr.area52.afnoapps.usaf.mil,FTFAL-3909VR,AREA52,8/28/20 10:36:20 AM EDT,131.55.136.125,48:BA:4E:8E:9A:60,Hewlett Packard,Windows,No
FTFAL-491QFY,FTFAL-491QFY,AREA52,8/28/20 4:25:35 AM EDT,131.55.136.130,30:E1:71:82:51:80,Hewlett Packard,Windows,No
FTFAL-493XJH,FTFAL-493XJH,AREA52,8/28/20 10:37:34 AM EDT,131.55.136.132,30:E1:71:83:A6:55,Hewlett Packard,Windows,No
FTFAL-493ZDL,FTFAL-493ZDL,AREA52,8/28/20 2:34:31 PM EDT,131.55.136.88,30:E1:71:83:17:99,Hewlett Packard,Windows,No
FTFAL-TY0084,FTFAL-TY0084,AREA52,9/30/20 3:33:08 PM EDT,131.55.146.41,48:BA:4E:96:D7:B1,Hewlett Packard,Windows,No
FTFAL-TY07L4,FTFAL-TY07L4,AREA52,9/30/20 10:23:46 AM EDT,131.55.153.38,00:68:EB:60:EF:F6,HP Inc.,Unknown,No
FTFAL-TY07LB,FTFAL-TY07LB,AREA52,9/3/20 12:33:48 PM EDT,131.55.136.112,00:68:EB:61:5A:C2,HP Inc.,Windows,No
FTFAL-TY0973,FTFAL-TY0973,,8/20/20 12:35:41 PM EDT,131.55.136.151,00:68:EB:61:5A:7F,HP Inc.,Windows,No
FTFAL-TY39Z7,FTFAL-TY39Z7,AREA52,9/25/20 2:13:11 PM EDT,131.55.143.15,98:E7:F4:2A:39:B1,Hewlett Packard,Windows,No
FTFAL-TY3B1F,FTFAL-TY3B1F,AREA52,10/1/20 5:07:14 AM EDT,131.55.136.138,98:E7:F4:31:EC:E7,Hewlett Packard,Windows,No
FTFAL-TY3B1Z,FTFAL-TY3B1Z,AREA52,8/24/20 12:27:41 PM EDT,131.55.133.70,98:E7:F4:2A:E3:72,Hewlett Packard,Windows,No
FTFAL-TYN15,FTFAL-TYN15,AREA52,8/28/20 10:25:17 AM EDT,131.55.136.127,C8:D3:FF:78:94:4F,Hewlett Packard,Windows,No
FTFAW-181010D3,FTFAW-181010D3,AREA52,10/1/20 4:28:39 AM EDT,131.55.165.199,EC:B1:D7:5A:29:57,Hewlett Packard,Windows,No
FTFAW-181022D3,FTFAW-181022D3,AREA52,10/1/20 4:28:40 AM EDT,131.55.165.57,EC:B1:D7:57:7A:74,Hewlett Packard,Windows,No
MAHGL-ES16KG,MAHGL-ES16KG,AREA52,8/31/20 11:14:26 AM EDT,131.55.134.34,98:E7:F4:F6:EC:3B,Hewlett Packard,Windows,No
MAHGL-ES16MQ,MAHGL-ES16MQ,AREA52,8/22/20 6:10:49 PM EDT,131.55.134.62,98:E7:F4:F4:B5:05,Hewlett Packard,Windows,No
MAHGL-ES178K,MAHGL-ES178K,AREA52,8/25/20 5:18:10 PM EDT,131.55.134.36,98:E7:F4:F7:0C:CD,Hewlett Packard,Windows,No
minint-0k53qe3,,,9/29/20 10:10:41 AM EDT,131.55.135.137,84:2A:FD:C1:3A:72,,Unknown,No
minint-7ha0v28,MININT-7HA0V28,WORKGROUP,10/1/20 5:45:55 AM EDT,131.55.16.180,00:07:32:62:09:13,AAEON Technology Inc.,Windows,No
minint-8op4s3q,,,9/25/20 11:16:54 AM EDT,131.55.195.147,70:5A:0F:48:D8:7D,Hewlett Packard,Unknown,No
MININT-E43TN5K,,,8/18/20 11:29:06 AM EDT,131.55.24.41,5C:26:0A:71:7C:9F,Dell Inc.,Windows,No
minint-jm6pi23,,,9/25/20 2:16:37 PM EDT,131.55.133.61,30:E1:71:81:AA:33,Hewlett Packard,Unknown,No
minint-k2mkpm7,,,9/24/20 9:17:38 AM EDT,131.55.195.146,00:15:5D:C3:65:05,Microsoft Corporation,Unknown,No
minint-nm5kslp,,,9/15/20 8:06:48 AM EDT,131.55.195.18,70:5A:0F:48:D6:B9,Hewlett Packard,Unknown,No
minint-pajp903,XLWUW-421NWW,AREA52,9/18/20 11:24:12 AM EDT,131.55.136.109,EC:8E:B5:76:99:7D,Hewlett Packard,Unknown,No
MPLSL-FJ9L00D14,MPLSL-FJ9L00D14,AREA52,10/1/20 4:11:51 AM EDT,131.55.210.111,48:BA:4E:96:1F:52,Hewlett Packard,Windows,No
PHARM-DB-1616,USAFTYN1SVRRM,WORKGROUP,10/1/20 5:44:30 AM EDT,131.55.16.125,18:66:DA:5F:A5:49,Dell Inc.,Windows,No
RKMFT-703F1632,RKMFT-703F1632,AREA52,9/18/20 3:30:42 PM EDT,131.55.139.80,00:50:B6:6D:6E:F9,"GOOD WAY IND. CO., LTD.",Windows,No
SEP00EEABB7F87C,,,10/1/20 4:24:29 AM EDT,131.55.165.143,00:EE:AB:B7:F8:7C,"Cisco Systems, Inc",Linux,No
tyndall-b36270-1-ap22,,,10/1/20 4:06:10 AM EDT,131.55.209.63,B0:B8:67:CC:6A:F6,Hewlett Packard Enterprise,Linux,No
tyndall-b9310-1-ap10,,,10/1/20 5:13:33 AM EDT,131.55.136.78,9C:8C:D8:CE:6E:FA,Hewlett Packard Enterprise,Linux,No
Tyndall-b9310-1-ap2,,,10/1/20 5:13:31 AM EDT,131.55.136.33,9C:8C:D8:CE:6B:8A,Hewlett Packard Enterprise,Linux,No
tyndall-b9310-1-ap8,,,10/1/20 5:13:34 AM EDT,131.55.136.96,9C:8C:D8:CE:6F:8C,Hewlett Packard Enterprise,Linux,No
TYNMDGSGSV00503,TYNMDGSGSV00503,AREA52,10/1/20 5:15:04 AM EDT,131.55.19.6,00:15:5D:14:48:00,Microsoft Corporation,Windows,No
tynpacs_wcd1,TYNPACS_WCD1,WORKGROUP,10/1/20 5:15:00 AM EDT,131.55.19.42,F0:4D:A2:36:C7:BE,Dell Inc.,Windows,No
US-573F7AHE19R9,,,9/30/20 3:12:38 PM EDT,131.55.19.27,00:04:5F:71:E8:D3,"Evalue Technology, Inc.",Windows,No
USAFTYN3STN03,USAFTYN3STN03,WORKGROUP,10/1/20 5:45:15 AM EDT,131.55.16.109,18:66:DA:3B:3A:8F,Dell Inc.,Windows,No
USAFTYN3STN25,USAFTYN3STN25,WORKGROUP,10/1/20 5:48:07 AM EDT,131.55.16.114,18:66:DA:3B:84:0D,Dell Inc.,Windows,No
USAFTYNSTN66,USAFTYNSTN66,WORKGROUP,10/1/20 5:42:42 AM EDT,131.55.16.118,6C:2B:59:F2:39:F7,Dell Inc.,Windows,No
VLSBL-50-21L60.area52.afnoapps.usaf.mil,VLSBL-50-21L60,AREA52,9/9/20 12:46:56 PM EDT,131.55.135.107,30:E1:71:7A:B3:2D,Hewlett Packard,Windows,No
WIN-F8H18K502VT,WIN-F8H18K502VT,WORKGROUP,10/1/20 4:44:07 AM EDT,131.55.152.10,00:23:7D:EB:43:AC,Hewlett Packard,Windows,No
WWYKL-430G1W,WWYKL-430G1W,AREA52,9/24/20 3:21:03 PM EDT,131.55.134.65,98:E7:F4:27:6A:9B,Hewlett Packard,Windows,No
XLWU-AS-002V,XLWU-AS-002V,AREA52,10/1/20 5:16:01 AM EDT,131.55.248.45,00:15:5D:70:63:00,Microsoft Corporation,Windows,No
XLWU-AS-018P,XLWU-AS-018P,AREA52,10/1/20 2:02:57 AM EDT,131.55.20.15,00:21:9B:93:B2:5E,Dell Inc,Windows,No
xlwu-as-fmd9p,XLWU-AS-FMD9P,AREA52,9/14/20 6:06:49 PM EDT,131.55.178.59,DC:4A:3E:7D:12:65,Hewlett Packard,Windows,No
XLWUL-021Y32,XLWUL-021Y32,,9/30/20 11:16:33 AM EDT,131.55.143.124,30:E1:71:89:11:2D,Hewlett Packard,Windows,No
XLWUL-021Y42,XLWUL-021Y42,AREA52,9/23/20 12:18:02 PM EDT,131.55.146.61,98:E7:F4:30:0A:F3,Hewlett Packard,Windows,No
XLWUL-021Y4R,XLWUL-021Y4R,AREA52,10/1/20 5:36:42 AM EDT,131.55.111.19,30:E1:71:89:F2:21,Hewlett Packard,Windows,No
XLWUL-021Y5G,XLWUL-021Y5G,AREA52,8/24/20 10:48:26 AM EDT,131.55.139.39,30:E1:71:88:BE:BF,Hewlett Packard,Windows,No
XLWUL-021Y68,XLWUL-021Y68,AREA52,8/25/20 12:14:13 PM EDT,131.55.163.116,30:E1:71:88:AE:31,Hewlett Packard,Windows,No
XLWUL-021Y6K.area52.afnoapps.usaf.mil,XLWUL-021Y6K,AREA52,9/8/20 9:42:34 AM EDT,131.55.143.104,30:E1:71:88:CE:95,Hewlett Packard,Windows,No
XLWUL-021Y7C,XLWUL-021Y7C,AREA52,9/28/20 2:07:44 PM EDT,131.55.135.100,30:E1:71:89:73:A0,Hewlett Packard,Windows,No
XLWUL-021YNS,XLWUL-021YNS,,9/18/20 9:20:21 AM EDT,131.55.134.43,30:E1:71:89:83:D1,Hewlett Packard,Windows,No
XLWUL-021YNY,XLWUL-021YNY,AREA52,9/18/20 1:26:23 PM EDT,131.55.134.108,30:E1:71:88:0F:FE,Hewlett Packard,Windows,No
XLWUL-021YPZ.area52.afnoapps.usaf.mil,XLWUL-021YPZ,AREA52,9/9/20 11:06:21 AM EDT,131.55.135.91,30:E1:71:89:63:CC,Hewlett Packard,Windows,No
XLWUL-021YQ6,XLWUL-021YQ6,AREA52,9/23/20 6:16:45 PM EDT,131.55.143.69,30:E1:71:89:82:E7,Hewlett Packard,Windows,No
XLWUL-021YRQ,XLWUL-021YRQ,AREA52,10/1/20 4:34:23 AM EDT,131.55.138.74,30:E1:71:89:73:59,Hewlett Packard,Windows,No
XLWUL-021YT9,XLWUL-021YT9,AREA52,10/1/20 5:12:45 AM EDT,131.55.136.241,30:E1:71:88:EE:72,Hewlett Packard,Windows,No
XLWUL-021YTC,XLWUL-021YTC,AREA52,8/25/20 2:28:46 PM EDT,131.55.136.37,30:E1:71:88:BE:C8,Hewlett Packard,Windows,No
XLWUL-021YVK,XLWUL-021YVK,AREA52,10/1/20 3:10:23 AM EDT,131.55.143.35,30:E1:71:88:BE:73,Hewlett Packard,Windows,No
XLWUL-022D32,XLWUL-022D32,AREA52,9/10/20 8:44:15 AM EDT,131.55.136.219,30:E1:71:7E:00:3B,Hewlett Packard,Windows,No
XLWUL-022D4B,XLWUL-022D4B,AREA52,10/1/20 2:09:50 AM EDT,131.55.151.48,30:E1:71:7D:FD:D4,Hewlett Packard,Windows,No
XLWUL-022D55,XLWUL-022D55,AREA52,9/14/20 2:28:56 PM EDT,131.55.153.70,30:E1:71:7D:0F:2F,Hewlett Packard,Windows,No
XLWUL-022DNS,XLWUL-022DNS,AREA52,9/10/20 4:22:36 PM EDT,131.55.163.105,30:E1:71:89:87:90,Hewlett Packard,Windows,No
XLWUL-022DNW,XLWUL-022DNW,AREA52,10/1/20 5:14:05 AM EDT,131.55.136.63,30:E1:71:89:19:39,Hewlett Packard,Windows,No
XLWUL-022DP2,XLWUL-022DP2,AREA52,9/8/20 4:03:51 PM EDT,131.55.149.46,30:E1:71:89:86:54,Hewlett Packard,Windows,No
XLWUL-022DPV,XLWUL-022DPV,,9/17/20 3:48:44 PM EDT,131.55.137.104,30:E1:71:89:01:23,Hewlett Packard,Windows,No
XLWUL-022DV8,,,8/31/20 3:11:57 PM EDT,131.55.176.234,30:E1:71:89:33:87,Hewlett Packard,Unknown,No
XLWUL-022DVH,XLWUL-022DVH,AREA52,10/1/20 4:16:54 AM EDT,131.55.210.216,30:E1:71:89:C6:1C,Hewlett Packard,Windows,No
xlwul-022dxn,XLWUL-022DXN,AREA52,9/30/20 5:08:49 PM EDT,131.55.136.182,30:E1:71:7D:19:56,Hewlett Packard,Windows,No
XLWUL-022DY2,XLWUL-022DY2,WORKGROUP,9/30/20 3:28:06 PM EDT,131.55.137.138,30:E1:71:7D:F9:86,Hewlett Packard,Windows,No
XLWUL-022DYJ,XLWUL-022DYJ,WORKGROUP,8/27/20 10:26:04 AM EDT,131.55.112.39,30:E1:71:89:D7:B3,Hewlett Packard,Windows,No
XLWUL-022DYS,XLWUL-022DYS,AREA52,10/1/20 5:01:08 AM EDT,131.55.133.62,30:E1:71:89:76:BA,Hewlett Packard,Windows,No
XLWUL-022F0B,XLWUL-022F0B,AREA52,9/22/20 7:36:42 AM EDT,131.55.111.23,30:E1:71:7D:83:D9,Hewlett Packard,Windows,No
XLWUL-022F0D,XLWUL-022F0D,AREA52,10/1/20 12:15:38 AM EDT,131.55.210.17,30:E1:71:7D:59:BD,Hewlett Packard,Windows,No
XLWUL-022FD2,XLWUL-022FD2,AREA52,9/27/20 11:26:57 PM EDT,131.55.167.57,30:E1:71:7D:FB:70,Hewlett Packard,Windows,No
XLWUL-022FF5,XLWUL-022FF5,AREA52,9/9/20 11:17:24 AM EDT,131.55.152.16,30:E1:71:7D:95:A0,Hewlett Packard,Windows,No
XLWUL-022NDN,XLWUL-022NDN,AREA52,10/1/20 4:14:07 AM EDT,131.55.158.57,30:E1:71:7E:16:63,Hewlett Packard,Windows,No
XLWUL-022NFR,XLWUL-022NFR,,9/28/20 11:06:34 AM EDT,131.55.112.109,30:E1:71:7E:AE:A1,Hewlett Packard,Windows,No
XLWUL-022NG9,XLWUL-022NG9,AREA52,9/30/20 3:28:27 PM EDT,131.55.159.77,30:E1:71:88:09:72,Hewlett Packard,Windows,No
XLWUL-022VZP,XLWUL-022VZP,AREA52,9/29/20 3:27:27 PM EDT,131.55.159.25,40:B0:34:10:B6:20,Hewlett Packard,Windows,No
XLWUL-022W0S,XLWUL-022W0S,,8/17/20 10:30:35 AM EDT,131.55.112.18,40:B0:34:10:35:43,Hewlett Packard,Windows,No
XLWUL-022W11,XLWUL-022W11,,9/25/20 2:12:33 PM EDT,131.55.158.198,40:B0:34:10:86:37,Hewlett Packard,Windows,No
XLWUL-022W13,XLWUL-022W13,AREA52,9/10/20 10:15:04 PM EDT,131.55.158.61,40:B0:34:10:02:B4,Hewlett Packard,Windows,No
XLWUL-031KTZ,XLWUL-031KTZ,AREA52,9/30/20 4:28:56 PM EDT,131.55.112.51,C8:D3:FF:77:DF:25,Hewlett Packard,Windows,No
XLWUL-031KV7,XLWUL-031KV7,AREA52,9/30/20 4:28:46 PM EDT,131.55.112.53,30:E1:71:88:3F:46,Hewlett Packard,Windows,No
XLWUL-031KVJ,XLWUL-031KVJ,,9/18/20 10:17:33 AM EDT,131.55.158.11,30:E1:71:84:B2:A5,Hewlett Packard,Windows,No
XLWUL-031KWH,XLWUL-031KWH,AREA52,8/19/20 12:25:02 PM EDT,131.55.112.124,30:E1:71:83:62:7A,Hewlett Packard,Windows,No
XLWUL-031KWK,XLWUL-031KWK,AREA52,9/29/20 4:23:25 PM EDT,131.55.112.21,C8:D3:FF:6C:9E:ED,Hewlett Packard,Windows,No
XLWUL-031KY0,XLWUL-031KY0,AREA52,9/30/20 4:27:41 PM EDT,131.55.112.87,C8:D3:FF:78:7B:38,Hewlett Packard,Windows,No
XLWUL-0327RX,XLWUL-0327RX,AREA52,9/30/20 9:09:07 AM EDT,131.55.149.35,30:E1:71:80:15:88,Hewlett Packard,Windows,No
XLWUL-0327SY,XLWUL-0327SY,AREA52,8/28/20 4:26:29 PM EDT,131.55.167.52,30:E1:71:80:06:FB,Hewlett Packard,Windows,No
XLWUL-0327VK,XLWUL-0327VK,AREA52,9/30/20 4:16:06 PM EDT,131.55.167.56,30:E1:71:80:F5:1D,Hewlett Packard,Windows,No
XLWUL-0327ZM,XLWUL-0327ZM,AREA52,9/30/20 1:29:51 PM EDT,131.55.137.224,30:E1:71:7F:1F:3A,Hewlett Packard,Windows,No
XLWUL-03281C,XLWUL-03281C,,10/1/20 5:35:52 AM EDT,131.55.146.103,30:E1:71:7F:8D:87,Hewlett Packard,Windows,No
XLWUL-03281L,XLWUL-03281L,AREA52,9/30/20 9:06:18 AM EDT,131.55.149.108,30:E1:71:7F:CE:53,Hewlett Packard,Windows,No
XLWUL-03281N,XLWUL-03281N,AREA52,10/1/20 4:25:45 AM EDT,131.55.167.31,30:E1:71:7F:FC:D4,Hewlett Packard,Windows,No
xlwul-03282q.area52.afnoapps.usaf.mil,XLWUL-03282Q,,8/19/20 8:12:23 AM EDT,131.55.91.9,30:E1:71:81:85:14,Hewlett Packard,Windows,No
XLWUL-032832,XLWUL-032832,,9/24/20 8:41:05 PM EDT,131.55.138.11,30:E1:71:7E:29:2E,Hewlett Packard,Windows,No
XLWUL-03283M,XLWUL-03283M,AREA52,9/10/20 11:11:41 AM EDT,131.55.133.102,30:E1:71:7E:79:83,Hewlett Packard,Windows,No
XLWUL-032851,XLWUL-032851,AREA52,8/31/20 10:10:33 AM EDT,131.55.146.49,30:E1:71:81:76:65,Hewlett Packard,Windows,No
XLWUL-03285K,XLWUL-03285K,AREA52,9/4/20 10:25:57 PM EDT,131.55.165.65,30:E1:71:80:D4:A3,Hewlett Packard,Windows,No
XLWUL-03286P,XLWUL-03286P,AREA52,9/29/20 3:03:18 PM EDT,131.55.149.144,30:E1:71:80:B4:BD,Hewlett Packard,Windows,No
XLWUL-03286V,XLWUL-03286V,,9/2/20 3:15:16 PM EDT,131.55.146.53,30:E1:71:80:16:22,Hewlett Packard,Windows,No
XLWUL-0328LL,XLWUL-0328LL,AREA52,9/25/20 12:02:16 PM EDT,131.55.149.115,30:E1:71:81:72:19,Hewlett Packard,Windows,No
XLWUL-0328M1,XLWUL-0328M1,AREA52,9/17/20 3:10:48 PM EDT,131.55.151.36,30:E1:71:80:A6:5C,Hewlett Packard,Windows,No
XLWUL-05T1N2,XLWUL-05T1N2,AREA52,10/1/20 5:03:52 AM EDT,131.55.113.14,8C:EC:4B:F5:F9:0B,Dell Inc.,Windows,No
XLWUL-05TCG2,XLWUL-05TCG2,,9/24/20 1:05:10 PM EDT,131.55.137.69,54:E1:AD:67:F7:25,"LCFC(HeFei) Electronics Technology co., ltd",Windows,No
XLWUL-05TCXA,XLWUL-05TCXA,AREA52,9/30/20 2:49:45 PM EDT,131.55.157.40,54:E1:AD:67:F3:5C,"LCFC(HeFei) Electronics Technology co., ltd",Windows,No
XLWUL-05TD4T,XLWUL-05TD4T,AREA52,10/1/20 5:32:10 AM EDT,131.55.162.44,54:E1:AD:62:5C:25,"LCFC(HeFei) Electronics Technology co., ltd",Windows,No
xlwul-05tdfa.area52.afnoapps.usaf.mil,XLWUL-05TDFA,AREA52,9/11/20 4:14:32 PM EDT,131.55.234.11,54:E1:AD:69:16:EC,"LCFC(HeFei) Electronics Technology co., ltd",Windows,No
XLWUL-05TE32,XLWUL-05TE32,AREA52,9/25/20 11:06:09 AM EDT,131.55.137.217,54:E1:AD:62:5B:A3,"LCFC(HeFei) Electronics Technology co., ltd",Windows,No
XLWUL-05TE5T1,XLWUL-05TE5T1,AREA52,9/25/20 11:08:08 AM EDT,131.55.137.61,54:E1:AD:62:5E:49,"LCFC(HeFei) Electronics Technology co., ltd",Windows,No
XLWUL-05TE67,XLWUL-05TE67,AREA52,8/20/20 2:52:52 PM EDT,131.55.137.113,54:E1:AD:62:5C:EF,"LCFC(HeFei) Electronics Technology co., ltd",Windows,No
xlwul-05te67.area52.afnoapps.usaf.mil,XLWUT-79284753,AREA52,9/18/20 6:07:34 AM EDT,131.55.95.10,C0:33:5E:64:D4:0B,Microsoft,Unknown,No
XLWUL-05TE9L,XLWUL-05TE9L,AREA52,9/29/20 2:40:40 PM EDT,131.55.152.23,54:E1:AD:62:5C:49,"LCFC(HeFei) Electronics Technology co., ltd",Windows,No
XLWUL-05TF18,XLWUL-05TF18,AREA52,10/1/20 4:32:17 AM EDT,131.55.176.153,54:E1:AD:5B:1A:47,"LCFC(HeFei) Electronics Technology co., ltd",Windows,No
xlwul-05tf6h.area52.afnoapps.usaf.mil,XLWUL-05TF6H,AREA52,10/1/20 4:24:04 AM EDT,131.55.232.57,54:E1:AD:66:14:E9,"LCFC(HeFei) Electronics Technology co., ltd",Windows,No
XLWUL-05TFSQ,XLWUL-05TFSQ,AREA52,9/29/20 2:41:22 PM EDT,131.55.152.15,54:E1:AD:66:17:E0,"LCFC(HeFei) Electronics Technology co., ltd",Windows,No
XLWUL-05TFTE,XLWUL-05TFTE,AREA52,10/1/20 4:25:14 AM EDT,131.55.232.78,54:E1:AD:62:5B:39,"LCFC(HeFei) Electronics Technology co., ltd",Windows,No
XLWUL-05TFVJ,XLWUL-05TFVJ,,8/19/20 9:53:57 AM EDT,131.55.137.65,54:E1:AD:5B:18:FC,"LCFC(HeFei) Electronics Technology co., ltd",Windows,No
XLWUL-05TNLJ,XLWUL-05TNLJ,,9/25/20 11:05:22 AM EDT,131.55.137.32,54:E1:AD:67:F4:45,"LCFC(HeFei) Electronics Technology co., ltd",Windows,No
XLWUL-05TNMM,XLWUL-05TNMM,AREA52,9/24/20 4:05:45 PM EDT,131.55.232.75,54:E1:AD:69:16:06,"LCFC(HeFei) Electronics Technology co., ltd",Windows,No
XLWUL-05TZDW,XLWUL-05TZDW,AREA52,10/1/20 4:36:01 AM EDT,131.55.176.163,54:E1:AD:5B:1A:E1,"LCFC(HeFei) Electronics Technology co., ltd",Windows,No
XLWUL-05TZE0,XLWUL-05TZE0,AREA52,10/1/20 5:29:47 AM EDT,131.55.162.68,54:E1:AD:5B:17:26,"LCFC(HeFei) Electronics Technology co., ltd",Windows,No
XLWUL-05TZY4,XLWUL-05TZY4,AREA52,10/1/20 4:34:42 AM EDT,131.55.176.26,54:E1:AD:62:5D:EF,"LCFC(HeFei) Electronics Technology co., ltd",Windows,No
XLWUL-05U02Z,XLWUL-05U02Z,AREA52,9/29/20 2:37:28 PM EDT,131.55.234.4,54:E1:AD:62:5A:C0,"LCFC(HeFei) Electronics Technology co., ltd",Windows,No
xlwul-05u03t.area52.afnoapps.usaf.mil,XLWUT-626784753,,8/23/20 8:06:27 AM EDT,131.55.96.23,C0:33:5E:64:D9:F9,Microsoft,Unknown,No
XLWUL-05U04T,XLWUL-05U04T,AREA52,10/1/20 4:11:51 AM EDT,131.55.210.11,54:E1:AD:62:5E:92,"LCFC(HeFei) Electronics Technology co., ltd",Windows,No
XLWUL-05UKVL,XLWUL-05UKVL,AREA52,9/10/20 2:30:43 PM EDT,131.55.176.147,54:E1:AD:6A:99:1F,"LCFC(HeFei) Electronics Technology co., ltd",Windows,No
xlwul-060mlj.area52.afnoapps.usaf.mil,XLWUT-456583453,AREA52,9/17/20 8:18:36 AM EDT,131.55.95.8,C0:33:5E:64:C8:CB,Microsoft,Unknown,No
XLWUL-060MLZ,XLWUL-060MLZ,AREA52,9/14/20 2:31:53 PM EDT,131.55.159.79,40:B0:34:11:49:37,Hewlett Packard,Windows,No
XLWUL-060MMR,XLWUL-060MMR,AREA52,9/25/20 8:16:19 AM EDT,131.55.158.111,40:B0:34:11:E7:9B,Hewlett Packard,Windows,No
XLWUL-060MMS,XLWUL-060MMS,AREA52,9/23/20 12:29:50 PM EDT,131.55.159.100,40:B0:34:11:EA:A7,Hewlett Packard,Windows,No
XLWUL-060MNQ,XLWUL-060MNQ,AREA52,9/10/20 12:13:12 PM EDT,131.55.158.33,40:B0:34:11:98:90,Hewlett Packard,Windows,No
XLWUL-060MP2,XLWUL-060MP2,AREA52,10/1/20 5:02:18 AM EDT,131.55.113.29,40:B0:34:11:7F:7A,Hewlett Packard,Windows,No
XLWUL-060MPB,XLWUL-060MPB,AREA52,9/30/20 3:28:08 PM EDT,131.55.159.166,40:B0:34:11:2B:2D,Hewlett Packard,Windows,No
XLWUL-0CT4SN,XLWUL-0CT4SN,WORKGROUP,9/24/20 9:12:48 AM EDT,131.55.134.106,00:2B:67:97:FB:D0,,Windows,No
XLWUL-1104L4,XLWUL-1104L4,AREA52,9/9/20 1:19:47 PM EDT,131.55.196.148,80:CE:62:9C:71:13,Hewlett Packard,Windows,No
XLWUL-1104RY,XLWUL-1104RY,AREA52,9/19/20 2:19:29 AM EDT,131.55.196.121,80:CE:62:9C:91:52,Hewlett Packard,Windows,No
XLWUL-1104TW,XLWUL-1104TW,AREA52,9/30/20 10:15:46 PM EDT,131.55.196.230,80:CE:62:9C:81:86,Hewlett Packard,Windows,No
XLWUL-1104W5,XLWUL-1104W5,AREA52,8/28/20 2:23:21 PM EDT,131.55.196.57,80:CE:62:9C:41:C7,Hewlett Packard,Windows,No
xlwul-1104x2.area52.afnoapps.usaf.mil,XLWUL-1104X2,AREA52,9/10/20 10:15:42 AM EDT,131.55.196.219,80:CE:62:9C:71:F2,Hewlett Packard,Windows,No
XLWUL-11054Q,XLWUL-11054Q,AREA52,9/24/20 3:40:28 PM EDT,131.55.25.46,10:E7:C6:77:FF:FB,Hewlett Packard,Windows,No
XLWUL-11055K,XLWUL-11055K,AREA52,8/25/20 5:25:46 PM EDT,131.55.25.59,10:E7:C6:78:60:C7,Hewlett Packard,Windows,No
XLWUL-11067V,XLWUL-11067V,AREA52,9/28/20 11:28:02 AM EDT,131.55.26.86,10:E7:C6:78:90:E2,Hewlett Packard,Windows,No
XLWUL-1106FP,XLWUL-1106FP,AREA52,9/25/20 5:10:03 PM EDT,131.55.25.40,10:E7:C6:78:16:DE,Hewlett Packard,Windows,No
XLWUL-1106FY,XLWUL-1106FY,AREA52,9/3/20 3:44:40 PM EDT,131.55.24.109,10:E7:C6:77:4B:AA,Hewlett Packard,Windows,No
XLWUL-1106LD,XLWUL-1106LD,AREA52,9/25/20 5:10:03 PM EDT,131.55.25.36,10:E7:C6:77:BF:CD,Hewlett Packard,Windows,No
XLWUL-1106QF,XLWUL-1106QF,AREA52,9/3/20 12:55:22 PM EDT,131.55.20.49,10:E7:C6:78:FF:D2,Hewlett Packard,Windows,No
XLWUL-110718,XLWUL-110718,,8/19/20 7:44:33 PM EDT,131.55.25.60,10:E7:C6:77:FB:66,Hewlett Packard,Windows,No
XLWUL-110728,XLWUL-110728,AREA52,10/1/20 5:35:16 AM EDT,131.55.24.205,10:E7:C6:77:3C:B2,Hewlett Packard,Windows,No
XLWUL-11072D,XLWUL-11072D,AREA52,9/30/20 5:34:01 PM EDT,131.55.24.187,10:E7:C6:77:EB:FE,Hewlett Packard,Windows,No
XLWUL-11075C,XLWUL-11075C,AREA52,9/30/20 3:33:30 PM EDT,131.55.26.48,10:E7:C6:77:6C:24,Hewlett Packard,Windows,No
XLWUL-1301LZ,XLWUL-1301LZ,,8/17/20 5:13:14 PM EDT,131.55.112.37,10:E7:C6:7F:06:FE,Hewlett Packard,Windows,No
XLWUL-2404LJ,XLWUL-2404LJ,AREA52,9/30/20 4:13:08 PM EDT,131.55.158.97,80:E8:2C:95:98:A7,Hewlett Packard,Windows,No
XLWUL-2700WG,XLWUL-2700WG,,8/31/20 1:24:36 PM EDT,131.55.136.87,10:62:E5:A1:BD:D6,Hewlett Packard,Windows,No
XLWUL-3227KW,XLWUL-3227KW,AREA52,9/30/20 4:15:40 PM EDT,131.55.160.73,A0:8C:FD:9D:77:9B,Hewlett Packard,Windows,No
XLWUL-340FD5,XLWUL-340FD5,WORKGROUP,10/1/20 12:47:57 AM EDT,131.55.136.124,84:2A:FD:C1:E9:FA,,Windows,No
XLWUL-340FFS,XLWUL-340FFS,AREA52,10/1/20 4:16:55 AM EDT,131.55.135.139,84:2A:FD:C1:B6:C8,,Windows,No
XLWUL-340FG6,XLWUL-340FG6,WORKGROUP,9/30/20 10:14:27 PM EDT,131.55.135.131,84:2A:FD:C1:3A:70,,Windows,No
XLWUL-372QFY,XLWUL-372QFY,WORKGROUP,9/14/20 9:12:01 AM EDT,131.55.158.60,98:E7:F4:2E:7F:50,Hewlett Packard,Windows,No
XLWUL-3801S0,XLWUL-3801S0,AREA52,9/30/20 4:31:57 PM EDT,131.55.176.197,B0:0C:D1:30:92:C3,Hewlett Packard,Windows,No
XLWUL-3801X3,XLWUL-3801X3,AREA52,9/30/20 2:29:00 PM EDT,131.55.176.207,48:BA:4E:8B:BE:0A,Hewlett Packard,Windows,No
XLWUL-380239,XLWUL-380239,AREA52,9/3/20 12:59:27 PM EDT,131.55.176.109,48:BA:4E:8C:95:22,Hewlett Packard,Windows,No
XLWUL-38023X,XLWUL-38023X,AREA52,10/1/20 4:32:13 AM EDT,131.55.176.162,80:CE:62:A3:E8:1B,Hewlett Packard,Windows,No
XLWUL-380KT1,XLWUL-380KT1,AREA52,9/30/20 4:12:19 PM EDT,131.55.210.113,48:BA:4E:93:0C:F4,Hewlett Packard,Windows,No
XLWUL-380KTD,XLWUL-380KTD,AREA52,9/11/20 4:28:59 PM EDT,131.55.133.91,48:BA:4E:93:6C:EA,Hewlett Packard,Windows,No
XLWUL-380KTF,XLWUL-380KTF,AREA52,9/30/20 11:15:11 AM EDT,131.55.165.96,48:BA:4E:93:9B:3A,Hewlett Packard,Windows,No
XLWUL-380L75,XLWUL-380L75,,9/12/20 6:09:55 PM EDT,131.55.72.2,48:BA:4E:8C:A0:6C,Hewlett Packard,Windows,No
XLWUL-380L8L,XLWUL-380L8L,WORKGROUP,9/14/20 6:27:31 PM EDT,131.55.139.50,48:BA:4E:90:20:1B,Hewlett Packard,Windows,No
XLWUL-380LJW,XLWUL-380LJW,,8/28/20 10:13:19 AM EDT,131.55.133.101,48:BA:4E:8B:1E:BC,Hewlett Packard,Windows,No
XLWUL-380LY1,XLWUL-380LY1,,9/25/20 10:01:09 AM EDT,131.55.248.62,48:BA:4E:8F:FC:79,Hewlett Packard,Windows,No
XLWUL-380MS0,XLWUL-380MS0,AREA52,9/3/20 12:30:03 PM EDT,131.55.20.46,48:BA:4E:91:B8:30,Hewlett Packard,Unknown,No
XLWUL-380MT5,XLWUL-380MT5,AREA52,9/4/20 9:03:19 AM EDT,131.55.176.51,48:BA:4E:91:68:C6,Hewlett Packard,Windows,No
XLWUL-380MWQ,XLWUL-380MWQ,,9/23/20 10:03:03 AM EDT,131.55.248.61,48:BA:4E:90:02:E1,Hewlett Packard,Windows,No
XLWUL-39009Y,XLWUL-39009Y,AREA52,9/30/20 12:06:27 PM EDT,131.55.209.67,48:BA:4E:94:24:60,Hewlett Packard,Windows,No
XLWUL-390116,XLWUL-390116,AREA52,9/30/20 9:10:56 AM EDT,131.55.149.61,48:BA:4E:94:72:17,Hewlett Packard,Windows,No
XLWUL-3901P3,XLWUL-3901P3,AREA52,10/1/20 4:16:07 AM EDT,131.55.210.161,48:BA:4E:93:6B:21,Hewlett Packard,Windows,No
XLWUL-3901WN,XLWUL-3901WN,,9/30/20 4:05:24 PM EDT,131.55.157.41,48:BA:4E:91:C4:21,Hewlett Packard,Windows,No
XLWUL-3903H2,XLWUL-3903H2,AREA52,9/30/20 11:30:52 AM EDT,131.55.137.134,48:BA:4E:8C:22:79,Hewlett Packard,Windows,No
XLWUL-3903K2,XLWUL-3903K2,AREA52,9/25/20 11:00:36 AM EDT,131.55.137.74,48:BA:4E:90:70:BC,Hewlett Packard,Windows,No
XLWUL-3903L0,XLWUL-3903L0,AREA52,8/18/20 6:13:39 PM EDT,131.55.242.45,48:BA:4E:90:E2:87,Hewlett Packard,Windows,No
XLWUL-3903Q0,XLWUL-3903Q0,WATERCRAFT,9/30/20 4:15:13 PM EDT,131.55.163.57,48:BA:4E:90:73:A7,Hewlett Packard,Windows,No
XLWUL-3903YJ,XLWUL-3903YJ,AREA52,9/30/20 4:29:27 PM EDT,131.55.176.176,48:BA:4E:8C:40:3E,Hewlett Packard,Windows,No
XLWUL-390471,XLWUL-390471,WORKGROUP,9/30/20 10:17:56 PM EDT,131.55.196.57,48:BA:4E:94:C3:11,Hewlett Packard,Windows,No
XLWUL-3904JS,XLWUL-3904JS,,9/30/20 1:17:17 PM EDT,131.55.248.49,48:BA:4E:8E:7A:8B,Hewlett Packard,Windows,No
XLWUL-39052W,XLWUL-39052W,AREA52,8/17/20 2:09:03 PM EDT,131.55.176.115,48:BA:4E:92:F1:36,Hewlett Packard,Windows,No
XLWUL-39055V,XLWUL-39055V,AREA52,9/30/20 2:48:03 PM EDT,131.55.136.100,48:BA:4E:91:6C:92,Hewlett Packard,Windows,No
XLWUL-3905BS,XLWUL-3905BS,AREA52,10/1/20 5:01:08 AM EDT,131.55.133.74,48:BA:4E:94:6B:80,Hewlett Packard,Windows,No
xlwul-3905cn.area52.afnoapps.usaf.mil,XLWUL-3905CN,AREA52,8/19/20 11:52:15 AM EDT,131.55.137.62,48:BA:4E:94:3C:08,Hewlett Packard,Windows,No
XLWUL-3905CV,XLWUL-3905CV,AREA52,10/1/20 5:20:08 AM EDT,131.55.235.51,48:BA:4E:94:DD:8C,Hewlett Packard,Windows,No
XLWUL-3905F0,XLWUL-3905F0,AREA52,10/1/20 4:13:04 AM EDT,131.55.160.44,48:BA:4E:94:5F:CD,Hewlett Packard,Windows,No
XLWUL-3905HZ,XLWUL-3905HZ,AREA52,9/28/20 10:11:30 AM EDT,131.55.235.29,48:BA:4E:94:1F:AA,Hewlett Packard,Windows,No
XLWUL-3905SC,XLWUL-3905SC,AREA52,9/30/20 9:11:09 AM EDT,131.55.149.93,48:BA:4E:8C:A7:D3,Hewlett Packard,Windows,No
xlwul-3905TL.area52.afnoapps.usaf.mil,XLWUL-3905TL,AREA52,9/10/20 5:20:00 AM EDT,131.55.137.87,48:BA:4E:8F:8F:F6,Hewlett Packard,Windows,No
XLWUL-39063D,XLWUL-39063D,AREA52,10/1/20 1:48:39 AM EDT,131.55.234.18,48:BA:4E:90:21:36,Hewlett Packard,Windows,No
XLWUL-3906DN,XLWUL-3906DN,AREA52,9/30/20 4:29:27 PM EDT,131.55.176.21,48:BA:4E:8F:0E:00,Hewlett Packard,Windows,No
XLWUL-3906J1,XLWUL-3906J1,AREA52,8/19/20 9:52:07 AM EDT,131.55.137.91,48:BA:4E:8E:A6:AD,Hewlett Packard,Windows,No
XLWUL-3906KS,XLWUL-3906KS,AREA52,8/18/20 9:14:22 PM EDT,131.55.234.5,48:BA:4E:8C:88:9C,Hewlett Packard,Windows,No
XLWUL-3906TV,XLWUL-3906TV,AREA52,9/9/20 9:19:58 AM EDT,131.55.232.31,48:BA:4E:91:5F:93,Hewlett Packard,Windows,No
XLWUL-3906VM,XLWUL-3906VM,,9/30/20 3:27:03 PM EDT,131.55.137.141,48:BA:4E:91:2F:3D,Hewlett Packard,Windows,No
XLWUL-390789,XLWUL-390789,,9/25/20 9:07:29 AM EDT,131.55.137.140,48:BA:4E:91:C8:F0,Hewlett Packard,Windows,No
XLWUL-3907S0,XLWUL-3907S0,AREA52,10/1/20 4:36:02 AM EDT,131.55.176.146,48:BA:4E:92:10:F1,Hewlett Packard,Windows,No
XLWUL-3907ZH,XLWUL-3907ZH,AREA52,9/30/20 5:32:59 PM EDT,131.55.146.86,48:BA:4E:92:80:B2,Hewlett Packard,Windows,No
xlwul-39083w.area52.afnoapps.usaf.mil,XLWUL-39083W,,10/1/20 4:51:31 AM EDT,131.55.157.64,48:BA:4E:94:97:03,Hewlett Packard,Windows,No
xlwul-39085D.area52.afnoapps.usaf.mil,XLWUL-39085D,AREA52,9/8/20 11:40:35 AM EDT,131.55.209.32,48:BA:4E:8B:85:78,Hewlett Packard,Windows,No
XLWUL-39086Y,XLWUL-39086Y,AREA52,9/10/20 4:34:40 PM EDT,131.55.176.39,48:BA:4E:8B:2D:CE,Hewlett Packard,Windows,No
XLWUL-390880,XLWUL-390880,AREA52,9/11/20 10:19:53 AM EDT,131.55.134.76,48:BA:4E:8C:44:9F,Hewlett Packard,Windows,No
XLWUL-3908BF,XLWUL-3908BF,AREA52,8/19/20 11:18:17 AM EDT,131.55.133.106,48:BA:4E:94:93:46,Hewlett Packard,Windows,No
xlwul-3908cj.area52.afnoapps.usaf.mil,XLWUL-3908CJ,AREA52,10/1/20 4:24:42 AM EDT,131.55.234.7,48:BA:4E:93:5F:AE,Hewlett Packard,Unknown,No
XLWUL-3908FC,XLWUL-3908FC,AREA52,9/30/20 9:08:26 AM EDT,131.55.149.106,48:BA:4E:94:94:E5,Hewlett Packard,Windows,No
XLWUL-3908GZ,XLWUL-3908GZ,AREA52,9/30/20 4:10:05 PM EDT,131.55.163.60,48:BA:4E:91:4C:BB,Hewlett Packard,Windows,No
XLWUL-3908HV,XLWUL-3908HV,AREA52,8/20/20 4:10:53 PM EDT,131.55.164.78,48:BA:4E:91:AC:BF,Hewlett Packard,Windows,No
XLWUL-3908J9,XLWUL-3908J9,AREA52,9/30/20 4:33:44 PM EDT,131.55.176.161,48:BA:4E:91:AE:F4,Hewlett Packard,Windows,No
XLWUL-3908L7,XLWUL-3908L7,,9/25/20 11:08:35 AM EDT,131.55.137.111,48:BA:4E:91:88:95,Hewlett Packard,Windows,No
XLWUL-3908LQ,XLWUL-3908LQ,,9/21/20 10:15:00 AM EDT,131.55.248.52,48:BA:4E:91:8C:CC,Hewlett Packard,Windows,No
XLWUL-3908LV,XLWUL-3908LV,AREA52,9/30/20 9:06:34 AM EDT,131.55.149.47,48:BA:4E:91:BC:A1,Hewlett Packard,Windows,No
XLWUL-3908PC,XLWUL-3908PC,AREA52,9/10/20 10:07:51 AM EDT,131.55.176.69,48:BA:4E:92:21:08,Hewlett Packard,Windows,No
XLWUL-3908SJ,XLWUL-3908SJ,,9/27/20 10:26:31 PM EDT,131.55.133.55,48:BA:4E:94:C1:C6,Hewlett Packard,Windows,No
XLWUL-3908V8,XLWUL-3908V8,AREA52,10/1/20 4:32:08 AM EDT,131.55.176.187,48:BA:4E:94:41:82,Hewlett Packard,Windows,No
XLWUL-3908WC,XLWUL-3908WC,AREA52,8/25/20 2:17:33 PM EDT,131.55.152.15,48:BA:4E:94:71:FE,Hewlett Packard,Windows,No
XLWUL-3908XB,XLWUL-3908XB,AREA52,9/29/20 3:04:13 PM EDT,131.55.149.70,48:BA:4E:91:17:DF,Hewlett Packard,Windows,No
XLWUL-3908YH,XLWUL-3908YH,AREA52,8/19/20 9:52:55 AM EDT,131.55.137.90,48:BA:4E:94:51:D9,Hewlett Packard,Windows,No
XLWUL-3908ZQ,XLWUL-3908ZQ,AREA52,9/28/20 2:33:13 PM EDT,131.55.137.147,48:BA:4E:91:B8:ED,Hewlett Packard,Windows,No
XLWUL-39098W,XLWUL-39098W,AREA52,9/23/20 12:05:05 PM EDT,131.55.248.48,48:BA:4E:93:FA:93,Hewlett Packard,Windows,No
XLWUL-3909BN,XLWUL-3909BN,,10/1/20 5:31:51 AM EDT,131.55.137.155,48:BA:4E:91:86:4C,Hewlett Packard,Windows,No
XLWUL-3909CY,XLWUL-3909CY,,9/21/20 12:18:55 PM EDT,131.55.134.119,48:BA:4E:91:47:75,Hewlett Packard,Windows,No
XLWUL-3909JC,XLWUL-3909JC,AREA52,8/18/20 3:15:45 PM EDT,131.55.248.52,48:BA:4E:93:5C:60,Hewlett Packard,Windows,No
XLWUL-3909Q9,XLWUL-3909Q9,AREA52,10/1/20 5:31:39 AM EDT,131.55.137.125,48:BA:4E:96:F2:F6,Hewlett Packard,Windows,No
XLWUL-390B09,XLWUL-390B09,,9/29/20 11:05:10 AM EDT,131.55.149.11,48:BA:4E:90:21:56,Hewlett Packard,Windows,No
XLWUL-390B17,XLWUL-390B17,AREA52,9/30/20 4:10:04 PM EDT,131.55.163.100,48:BA:4E:8F:BE:51,Hewlett Packard,Windows,No
XLWUL-390BJ7,XLWUL-390BJ7,AREA52,9/3/20 2:09:54 PM EDT,131.55.136.233,48:BA:4E:95:82:59,Hewlett Packard,Windows,No
XLWUL-390C3G,XLWUL-390C3G,,8/28/20 12:16:14 PM EDT,131.55.158.78,48:BA:4E:95:8E:FB,Hewlett Packard,Windows,No
XLWUL-3F0010,XLWUL-3F0010,,9/23/20 5:27:57 PM EDT,131.55.157.46,00:22:20:2C:62:6D,Mitac Technology Corp,Windows,No
XLWUL-4002LC,XLWUL-4002LC,AREA52,9/30/20 8:18:35 AM EDT,131.55.146.125,48:BA:4E:97:93:27,Hewlett Packard,Windows,No
XLWUL-410GMW,XLWUL-410GMW,AREA52,9/30/20 3:32:29 PM EDT,131.55.159.22,48:BA:4E:EF:BD:A6,Hewlett Packard,Windows,No
XLWUL-410GN2,XLWUL-410GN2,AREA52,9/30/20 2:03:33 PM EDT,131.55.209.47,48:BA:4E:EF:F7:98,Hewlett Packard,Windows,No
XLWUL-410GNL,XLWUL-410GNL,AREA52,9/28/20 2:30:36 PM EDT,131.55.159.65,48:BA:4E:EF:0D:50,Hewlett Packard,Windows,No
XLWUL-410GPQ,XLWUL-410GPQ,,8/25/20 8:16:54 AM EDT,131.55.158.28,48:BA:4E:EF:7D:30,Hewlett Packard,Windows,No
XLWUL-410GQJ,XLWUL-410GQJ,AREA52,10/1/20 5:03:47 AM EDT,131.55.113.48,48:BA:4E:EF:F5:64,Hewlett Packard,Windows,No
XLWUL-410GQR,XLWUL-410GQR,AREA52,9/30/20 2:13:28 PM EDT,131.55.158.100,48:BA:4E:EF:04:89,Hewlett Packard,Windows,No
XLWUL-410GR7,XLWUL-410GR7,AREA52,10/1/20 4:10:41 AM EDT,131.55.158.153,48:BA:4E:EF:AC:6B,Hewlett Packard,Windows,No
xlwul-410grq.area52.afnoapps.usaf.mil,XLWUT-4783453,AREA52,8/23/20 8:10:12 AM EDT,131.55.94.7,C0:33:5E:64:CB:19,Microsoft,Unknown,No
XLWUL-410GS8,XLWUL-410GS8,AREA52,8/17/20 1:15:43 PM EDT,131.55.112.30,48:BA:4E:EF:70:CF,Hewlett Packard,Windows,No
XLWUL-410GSN,XLWUL-410GSN,AREA52,10/1/20 4:12:00 AM EDT,131.55.210.122,48:BA:4E:EE:7F:0D,Hewlett Packard,Windows,No
XLWUL-410GT4,XLWUL-410GT4,,8/27/20 10:06:19 AM EDT,131.55.158.65,48:BA:4E:EE:2F:98,Hewlett Packard,Windows,No
XLWUL-410GT8,XLWUL-410GT8,AREA52,9/30/20 4:15:50 PM EDT,131.55.158.22,48:BA:4E:EF:80:8A,Hewlett Packard,Windows,No
XLWUL-410GTN,XLWUL-410GTN,AREA52,9/28/20 4:13:12 PM EDT,131.55.158.171,48:BA:4E:EE:2F:FB,Hewlett Packard,Windows,No
XLWUL-410GTQ,XLWUL-410GTQ,AREA52,9/30/20 12:55:26 PM EDT,131.55.113.39,48:BA:4E:EF:B0:C2,Hewlett Packard,Windows,No
XLWUL-410GVJ,XLWUL-410GVJ,,9/30/20 12:28:25 PM EDT,131.55.112.126,48:BA:4E:EF:E0:07,Hewlett Packard,Windows,No
XLWUL-410GW3,XLWUL-410GW3,,9/30/20 4:15:19 PM EDT,131.55.158.25,48:BA:4E:EF:70:D0,Hewlett Packard,Windows,No
XLWUL-410GWB,XLWUL-410GWB,AREA52,9/29/20 12:26:44 PM EDT,131.55.112.32,48:BA:4E:EE:DE:C2,Hewlett Packard,Windows,No
XLWUL-410GWF,XLWUL-410GWF,AREA52,9/30/20 4:11:25 PM EDT,131.55.158.38,48:BA:4E:EE:EE:3B,Hewlett Packard,Windows,No
XLWUL-410GWS,XLWUL-410GWS,AREA52,9/29/20 1:26:50 PM EDT,131.55.159.49,48:BA:4E:EF:90:B3,Hewlett Packard,Windows,No
XLWUL-410GWY,XLWUL-410GWY,AREA52,9/8/20 12:02:33 PM EDT,131.55.176.166,80:CE:62:A2:D5:CD,Hewlett Packard,Windows,No
XLWUL-410GXD,XLWUL-410GXD,AREA52,9/30/20 4:17:12 PM EDT,131.55.158.116,48:BA:4E:EE:FE:A2,Hewlett Packard,Windows,No
XLWUL-410GY5,XLWUL-410GY5,,9/24/20 12:14:19 PM EDT,131.55.158.88,48:BA:4E:F0:6C:00,Hewlett Packard,Windows,No
XLWUL-410GYF,XLWUL-410GYF,,9/24/20 3:56:12 PM EDT,131.55.210.69,48:BA:4E:EF:78:1D,Hewlett Packard,Windows,No
XLWUL-410GYM,XLWUL-410GYM,AREA52,9/29/20 3:28:17 PM EDT,131.55.159.38,48:BA:4E:EF:5F:AA,Hewlett Packard,Windows,No
XLWUL-410GZ1,XLWUL-410GZ1,AREA52,9/28/20 2:22:03 PM EDT,131.55.113.25,48:BA:4E:ED:AE:CB,Hewlett Packard,Windows,No
XLWUL-410GZ5,XLWUL-410GZ5,AREA52,9/30/20 1:26:07 PM EDT,131.55.159.93,48:BA:4E:EE:F3:61,Hewlett Packard,Unknown,No
XLWUL-410GZ9,XLWUL-410GZ9,AREA52,9/23/20 4:18:34 PM EDT,131.55.158.35,48:BA:4E:EE:34:91,Hewlett Packard,Windows,No
XLWUL-410GZY,XLWUL-410GZY,,9/29/20 10:19:30 AM EDT,131.55.113.32,48:BA:4E:EE:24:CB,Hewlett Packard,Windows,No
XLWUL-410H05,XLWUL-410H05,AREA52,9/29/20 5:55:59 PM EDT,131.55.209.98,48:BA:4E:EE:D3:8B,Hewlett Packard,Windows,No
XLWUL-410HSX,XLWUL-410HSX,AREA52,10/1/20 2:04:46 AM EDT,131.55.190.149,48:BA:4E:EF:C9:B5,Hewlett Packard,Windows,No
xlwul-412wqk.area52.afnoapps.usaf.mil,XLWUL-412WQK,AREA52,9/28/20 7:37:32 PM EDT,131.55.232.129,98:E7:F4:E9:32:F9,Hewlett Packard,Windows,No
XLWUL-42086K,XLWUL-42086K,,10/1/20 2:03:19 AM EDT,131.55.190.85,48:BA:4E:EF:A8:F9,Hewlett Packard,Windows,No
XLWUL-4208T2,XLWUL-4208T2,AREA52,8/28/20 4:19:09 PM EDT,131.55.191.53,48:BA:4E:EE:15:64,Hewlett Packard,Windows,No
XLWUL-4209C4,XLWUL-4209C4,TDCNCD,8/24/20 4:08:12 PM EDT,131.55.190.78,48:BA:4E:EF:A2:22,Hewlett Packard,Windows,No
XLWUL-4209Q8,XLWUL-4209Q8,AREA52,10/1/20 4:21:52 AM EDT,131.55.197.90,48:BA:4E:F2:0E:9E,Hewlett Packard,Windows,No
XLWUL-420C1Q,XLWUL-420C1Q,AREA52,9/14/20 6:06:12 PM EDT,131.55.178.84,80:E8:2C:2A:47:A1,Hewlett Packard,Windows,No
XLWUL-420C1S,XLWUL-420C1S,WORKGROUP,9/29/20 4:13:56 PM EDT,131.55.197.96,80:E8:2C:2A:46:B1,Hewlett Packard,Windows,No
XLWUL-420V9C,XLWUL-420V9C,AREA52,9/24/20 8:17:50 AM EDT,131.55.191.64,48:BA:4E:F3:9B:17,Hewlett Packard,Windows,No
XLWUL-422HKC,XLWUL-422HKC,AREA52,9/30/20 4:24:39 PM EDT,131.55.232.157,34:64:A9:D0:4E:B4,Hewlett Packard,Windows,No
XLWUL-430GSC,XLWUL-430GSC,AREA52,8/24/20 2:05:58 PM EDT,131.55.157.106,58:20:B1:72:5D:19,Hewlett Packard,Windows,No
XLWUL-430GSD,XLWUL-430GSD,AREA52,9/30/20 2:45:07 PM EDT,131.55.157.97,58:20:B1:72:AD:11,Hewlett Packard,Windows,No
XLWUL-430P4M,XLWUL-430P4M,AREA52,10/1/20 5:03:51 AM EDT,131.55.113.31,48:BA:4E:F1:C1:FB,Hewlett Packard,Windows,No
XLWUL-430PLV,XLWUL-430PLV,AREA52,9/24/20 2:12:16 PM EDT,131.55.158.169,48:BA:4E:F6:51:BF,Hewlett Packard,Windows,No
XLWUL-430PMZ,XLWUL-430PMZ,AREA52,9/30/20 3:27:56 PM EDT,131.55.159.27,48:BA:4E:F3:E2:11,Hewlett Packard,Windows,No
XLWUL-430PPY,XLWUL-430PPY,,9/30/20 2:17:44 PM EDT,131.55.158.62,48:BA:4E:F6:13:6D,Hewlett Packard,Windows,No
XLWUL-430PQ2,XLWUL-430PQ2,AREA52,9/29/20 4:15:04 PM EDT,131.55.158.58,48:BA:4E:F5:EE:9B,Hewlett Packard,Windows,No
XLWUL-430PQX,XLWUL-430PQX,AREA52,8/24/20 6:04:01 AM EDT,131.55.158.21,48:BA:4E:F6:B2:1B,Hewlett Packard,Windows,No
XLWUL-430PRJ,XLWUL-430PRJ,AREA52,9/25/20 1:53:24 PM EDT,131.55.210.148,48:BA:4E:F6:13:25,Hewlett Packard,Windows,No
XLWUL-430PT7,XLWUL-430PT7,AREA52,8/24/20 2:08:50 PM EDT,131.55.158.171,48:BA:4E:F5:FF:4E,Hewlett Packard,Windows,No
XLWUL-430PTN,XLWUL-430PTN,,9/24/20 2:16:42 PM EDT,131.55.158.94,48:BA:4E:F6:30:1F,Hewlett Packard,Windows,No
XLWUL-43212Y,XLWUL-43212Y,AREA52,9/8/20 3:29:10 PM EDT,131.55.193.11,98:E7:F4:F3:D4:00,Hewlett Packard,Unknown,No
XLWUL-43213F,XLWUL-43213F,AREA52,10/1/20 4:22:06 AM EDT,131.55.197.67,98:E7:F4:F4:95:01,Hewlett Packard,Windows,No
XLWUL-43214Y.area52.afnoapps.usaf.mil,XLWUL-43214Y,AREA52,9/10/20 5:56:46 PM EDT,131.55.202.130,98:E7:F4:F3:A9:1D,Hewlett Packard,Windows,No
XLWUL-4422YL,XLWUL-4422YL,,9/14/20 11:14:42 AM EDT,131.55.197.60,98:E7:F4:32:74:D7,Hewlett Packard,Windows,No
XLWUL-4422Z0,XLWUL-4422Z0,AREA52,9/29/20 4:16:47 PM EDT,131.55.198.67,98:E7:F4:31:53:3B,Hewlett Packard,Windows,No
XLWUL-4422ZP,XLWUL-4422ZP,AREA52,8/21/20 2:16:21 PM EDT,131.55.195.121,98:E7:F4:34:6D:26,Hewlett Packard,Windows,No
XLWUL-44230D,XLWUL-44230D,AREA52,8/21/20 12:14:23 PM EDT,131.55.192.50,98:E7:F4:31:5D:E1,Hewlett Packard,Windows,No
XLWUL-44230K,XLWUL-44230K,WORKGROUP,9/30/20 12:20:10 PM EDT,131.55.197.80,98:E7:F4:35:8C:69,Hewlett Packard,Windows,No
xlwul-450drb.area52.afnoapps.usaf.mil,XLWUL-450DRB,,8/23/20 8:11:56 AM EDT,131.55.92.7,F0:6E:0B:D4:BC:A6,Microsoft Corporation,Unknown,No
XLWUL-450DRR,XLWUL-450DRR,AREA52,8/31/20 5:10:56 PM EDT,131.55.195.123,00:68:EB:87:32:F1,HP Inc.,Windows,No
XLWUL-450FJF,XLWUL-450FJF,AREA52,9/30/20 6:04:49 PM EDT,131.55.190.114,00:68:EB:87:43:35,HP Inc.,Windows,No
XLWUL-450FJV,XLWUL-450FJV,AREA52,8/27/20 6:13:03 PM EDT,131.55.192.81,00:68:EB:87:02:6E,HP Inc.,Windows,No
xlwul-458904.area52.afnoapps.usaf.mil,XLWUL-458904,AREA52,9/10/20 10:16:26 AM EDT,131.55.138.20,00:0A:CD:2D:32:E6,Sunrich Technology Limited,Windows,No
XLWUL-46051N,XLWUL-46051N,,9/18/20 4:00:58 PM EDT,131.55.194.29,C8:D9:D2:DD:01:CB,Hewlett Packard,Windows,No
XLWUL-46051N,XLWUL-46051N,AREA52,10/1/20 1:32:10 AM EDT,131.55.194.42,84:A9:3E:58:FF:A1,Hewlett Packard,Windows,No
XLWUL-460J88,XLWUL-460J88,AREA52,10/1/20 1:30:04 AM EDT,131.55.25.65,B0:5A:DA:3D:D6:54,Hewlett Packard,Windows,No
XLWUL-460J8D,XLWUL-460J8D,AREA52,10/1/20 1:30:12 AM EDT,131.55.25.33,B0:5A:DA:3D:25:D1,Hewlett Packard,Windows,No
XLWUL-460J8H,XLWUL-460J8H,AREA52,10/1/20 1:31:09 AM EDT,131.55.25.50,B0:5A:DA:3D:95:4A,Hewlett Packard,Windows,No
XLWUL-461FG8,XLWUL-461FG8,WORKGROUP,8/19/20 8:12:36 AM EDT,131.55.195.58,98:E7:F4:29:3F:1E,Hewlett Packard,Windows,No
XLWUL-470MST,XLWUL-470MST,AREA52,9/30/20 3:32:08 PM EDT,131.55.159.63,98:E7:F4:E8:5C:3C,Hewlett Packard,Windows,No
XLWUL-470MTJ,XLWUL-470MTJ,AREA52,8/26/20 2:14:39 PM EDT,131.55.158.64,C8:D3:FF:69:A7:0B,Hewlett Packard,Windows,No
XLWUL-470QZD,XLWUL-470QZD,AREA52,9/29/20 4:17:24 PM EDT,131.55.158.13,98:E7:F4:ED:EC:27,Hewlett Packard,Windows,No
xlwul-490w5n.area52.afnoapps.usaf.mil,XLWUL-490W5N,AREA52,9/25/20 2:06:49 PM EDT,131.55.157.50,C8:D3:FF:78:22:EE,Hewlett Packard,Windows,No
XLWUL-490W5T,XLWUL-490W5T,AREA52,9/30/20 4:12:55 PM EDT,131.55.210.141,30:E1:71:86:56:35,Hewlett Packard,Windows,No
XLWUL-490W73,XLWUL-490W73,AREA52,9/29/20 8:09:22 AM EDT,131.55.232.83,C8:D3:FF:77:6C:E5,Hewlett Packard,Windows,No
XLWUL-490W86,XLWUL-490W86,AREA52,9/25/20 2:12:37 PM EDT,131.55.234.3,C8:D3:FF:78:F0:04,Hewlett Packard,Windows,No
XLWUL-490W87,XLWUL-490W87,AREA52,8/31/20 5:29:57 PM EDT,131.55.138.162,C8:D3:FF:78:F1:FF,Hewlett Packard,Windows,No
XLWUL-490W96,XLWUL-490W96,AREA52,9/30/20 4:12:17 PM EDT,131.55.210.13,C8:D3:FF:78:21:06,Hewlett Packard,Windows,No
XLWUL-490W9J,XLWUL-490W9J,AREA52,9/4/20 2:02:16 PM EDT,131.55.149.112,98:E7:F4:EE:C5:51,Hewlett Packard,Windows,No
XLWUL-490W9T.area52.afnoapps.usaf.mil,XLWUL-490W9T,AREA52,9/8/20 9:24:30 AM EDT,131.55.152.13,C8:D3:FF:77:6D:17,Hewlett Packard,Windows,No
xlwul-490wf0.area52.afnoapps.usaf.mil,XLWUT-751783253,AREA52,8/18/20 10:10:37 AM EDT,131.55.92.17,F0:6E:0B:D4:B4:68,Microsoft Corporation,Unknown,No
XLWUL-491DWP,XLWUL-491DWP,AREA52,10/1/20 5:31:02 AM EDT,131.55.146.94,C8:D3:FF:78:AB:E5,Hewlett Packard,Windows,No
XLWUL-491MS0,XLWUL-491MS0,,9/27/20 10:36:09 PM EDT,131.55.136.47,C8:D3:FF:78:01:6E,Hewlett Packard,Windows,No
XLWUL-491MS2,XLWUL-491MS2,AREA52,9/29/20 3:07:22 PM EDT,131.55.149.57,C8:D3:FF:77:A6:8F,Hewlett Packard,Windows,No
XLWUL-491MSD,XLWUL-491MSD,AREA52,9/30/20 4:00:07 PM EDT,131.55.232.29,C8:D3:FF:77:27:BC,Hewlett Packard,Windows,No
XLWUL-491MSJ,XLWUL-491MSJ,AREA52,9/6/20 10:12:18 AM EDT,131.55.234.9,C8:D3:FF:77:E6:8F,Hewlett Packard,Windows,No
XLWUL-491MTS,XLWUL-491MTS,,9/30/20 12:26:54 PM EDT,131.55.153.35,C8:D3:FF:77:8E:EF,Hewlett Packard,Unknown,No
XLWUL-491MTW,XLWUL-491MTW,AREA52,9/29/20 2:11:06 PM EDT,131.55.163.107,30:E1:71:82:5E:F8,Hewlett Packard,Windows,No
XLWUL-491QD6,XLWUL-491QD6,AREA52,8/28/20 3:17:38 PM EDT,131.55.167.43,30:E1:71:82:40:AC,Hewlett Packard,Windows,No
XLWUL-491QF4,XLWUL-491QF4,AREA52,9/9/20 11:34:42 AM EDT,131.55.232.81,C8:D3:FF:78:05:33,Hewlett Packard,Windows,No
XLWUL-491QFZ,XLWUL-491QFZ,AREA52,9/30/20 4:15:16 PM EDT,131.55.163.125,C8:D3:FF:78:FF:96,Hewlett Packard,Windows,No
XLWUL-491QH3,XLWUL-491QH3,AREA52,9/8/20 10:18:03 AM EDT,131.55.160.62,C8:D3:FF:78:7F:9C,Hewlett Packard,Windows,No
XLWUL-493XFJ,XLWUL-493XFJ,AREA52,9/6/20 11:39:44 AM EDT,131.55.232.116,30:E1:71:82:01:2B,Hewlett Packard,Windows,No
xlwul-493xhy.area52.afnoapps.usaf.mil,XLWUL-493XHY,AREA52,9/29/20 4:20:43 PM EDT,131.55.232.39,30:E1:71:83:87:76,Hewlett Packard,Windows,No
XLWUL-493XW1,XLWUL-493XW1,,8/24/20 4:09:16 PM EDT,131.55.151.40,30:E1:71:82:E4:E2,Hewlett Packard,Windows,No
XLWUL-493XXD,XLWUL-493XXD,,9/30/20 8:14:51 PM EDT,131.55.160.70,30:E1:71:83:F2:6C,Hewlett Packard,Windows,No
XLWUL-493XY4,XLWUL-493XY4,,9/15/20 10:11:19 AM EDT,131.55.91.17,30:E1:71:83:84:AF,Hewlett Packard,Windows,No
XLWUL-493Z76,XLWUL-493Z76,,9/29/20 11:33:41 AM EDT,131.55.137.68,B4:B6:86:25:8A:3C,Hewlett Packard,Windows,No
XLWUL-493Z8R,XLWUL-493Z8R,AREA52,8/28/20 8:18:50 AM EDT,131.55.138.96,C8:D3:FF:77:1C:94,Hewlett Packard,Windows,No
XLWUL-493Z91,XLWUL-493Z91,AREA52,9/25/20 2:03:54 PM EDT,131.55.149.98,30:E1:71:82:89:01,Hewlett Packard,Windows,No
XLWUL-493ZDJ,XLWUL-493ZDJ,AREA52,10/1/20 5:34:48 AM EDT,131.55.146.42,30:E1:71:83:98:01,Hewlett Packard,Windows,No
XLWUL-493ZDK,XLWUL-493ZDK,,9/30/20 9:08:56 AM EDT,131.55.149.86,30:E1:71:83:17:6A,Hewlett Packard,Windows,No
XLWUL-493ZDZ,XLWUL-493ZDZ,AREA52,10/1/20 5:17:21 AM EDT,131.55.235.67,30:E1:71:83:A0:CE,Hewlett Packard,Windows,No
XLWUL-493ZGM,XLWUL-493ZGM,AREA52,9/30/20 9:10:59 AM EDT,131.55.149.16,C8:D3:FF:78:BF:ED,Hewlett Packard,Windows,No
XLWUL-493ZGR,XLWUL-493ZGR,AREA52,9/30/20 9:11:09 AM EDT,131.55.149.188,C8:D3:FF:78:BF:EE,Hewlett Packard,Windows,No
XLWUL-493ZH6,XLWUL-493ZH6,AREA52,10/1/20 4:19:40 AM EDT,131.55.167.33,C8:D3:FF:78:CF:C7,Hewlett Packard,Windows,No
XLWUL-4B0139,XLWUL-4B0139,AREA52,9/24/20 9:23:26 AM EDT,131.55.157.85,00:22:20:29:C2:A5,Mitac Technology Corp,Windows,No
XLWUL-4B0144,XLWUL-4B0144,AREA52,9/30/20 12:01:15 PM EDT,131.55.157.42,00:22:20:29:C2:40,Mitac Technology Corp,Windows,No
XLWUL-4B0156,XLWUL-4B0156,AREA52,9/28/20 11:35:06 AM EDT,131.55.146.22,00:22:20:29:4A:2F,Mitac Technology Corp,Windows,No
XLWUL-4B0168,XLWUL-4B0168,AREA52,9/28/20 12:13:06 PM EDT,131.55.146.16,00:22:20:29:BF:30,Mitac Technology Corp,Windows,No
XLWUL-4VCL33,XLWUL-4VCL33,AREA52,9/3/20 12:01:19 PM EDT,131.55.20.35,C0:3E:BA:47:76:38,,Windows,No
XLWUL-589097,XLWUL-589097,AREA52,9/18/20 12:19:41 PM EDT,131.55.135.9,00:22:20:16:CC:69,Mitac Technology Corp,Windows,No
XLWUL-784753,XLWUL-784753,AREA52,8/24/20 10:11:46 AM EDT,131.55.164.40,B8:31:B5:31:9A:71,Microsoft Corporation,Windows,No
XLWUL-A03979,XLWUL-A03979,AREA52,8/27/20 4:09:17 PM EDT,131.55.134.66,8C:C1:21:A6:BD:0C,Panasonic Corporation AVC Networks Company,Windows,No
XLWUL-A04127,XLWUL-A04127,AREA52,9/30/20 12:19:15 PM EDT,131.55.184.38,8C:C1:21:A6:AC:90,Panasonic Corporation AVC Networks Company,Windows,No
XLWUL-A04133,,,9/30/20 8:21:26 AM EDT,131.55.184.31,8C:C1:21:A6:AC:AB,Panasonic Corporation AVC Networks Company,Windows,No
XLWUL-A04143,XLWUL-A04143,AREA52,9/30/20 10:22:14 AM EDT,131.55.146.32,8C:C1:21:A6:B6:47,Panasonic Corporation AVC Networks Company,Windows,No
XLWUL-GBLVD2,XLWUL-GBLVD2,AREA52,9/18/20 9:42:34 AM EDT,131.55.20.31,28:F1:0E:01:1B:26,Dell Inc.,Windows,No
XLWUL-PK0W4P,XLWUL-PK0W4P,AREA52,10/1/20 4:04:50 AM EDT,131.55.209.96,C8:D3:FF:77:CD:72,Hewlett Packard,Windows,No
XLWUL-PK2862,XLWUL-PK2862,AREA52,10/1/20 4:11:51 AM EDT,131.55.210.114,30:E1:71:81:AA:FF,Hewlett Packard,Windows,No
XLWUL-X02457.area52.afnoapps.usaf.mil,XLWUL-X02457,AREA52,9/22/20 11:05:50 AM EDT,131.55.161.32,68:84:7E:8E:76:03,FUJITSU LIMITED,Windows,No
XLWUL-X4T1N2,XLWUL-X4T1N2,AREA52,9/9/20 3:13:07 PM EDT,131.55.158.15,8C:EC:4B:F5:E7:C9,Dell Inc.,Windows,No
XLWU-MD-R01p,XLWU-MD-R01P,AREA52,10/1/20 5:16:04 AM EDT,131.55.19.57,F0:D4:E2:E5:78:F9,Dell Inc.,Windows,No
xlwu-md-r01p.area52.afnoapps.usaf.mil,XLWU-MD-R01P,WORKGROUP,10/1/20 5:13:15 AM EDT,131.55.19.7,F0:D4:E2:E5:78:F8,Dell Inc.,Windows,No
xlwu-md-r06p.area52.afnoapps.usaf.mil,XLWU-MD-R06P,AREA52,10/1/20 5:13:57 AM EDT,131.55.19.19,F0:D4:E2:E5:87:A0,Dell Inc.,Windows,No
XLWU-NM-006V,XLWU-NM-006V,AREA52,10/1/20 4:49:48 AM EDT,131.55.249.95,00:50:56:87:A1:AF,"VMware, Inc.",Windows,No
xlwut-04584753.area52.afnoapps.usaf.mil,XLWUT-02384753,AREA52,9/25/20 11:24:38 AM EDT,131.55.165.29,B8:31:B5:2E:DA:49,Microsoft Corporation,Unknown,No
XLWUT-07454753,XLWUT-07454753,AREA52,9/24/20 10:24:57 AM EDT,131.55.165.131,B8:31:B5:2D:CA:16,Microsoft Corporation,Windows,No
XLWUT-17784553,XLWUT-17784553,AREA52,9/30/20 4:34:46 PM EDT,131.55.165.100,B8:31:B5:39:71:4E,Microsoft Corporation,Windows,No
XLWUT-23284753,XLWUT-23284753,AREA52,9/23/20 3:31:57 PM EDT,131.55.165.18,C4:9D:ED:EB:87:99,Microsoft Corporation,Windows,No
XLWUT-239684753,XLWUT-239684753,,8/22/20 10:10:07 AM EDT,131.55.90.25,C0:33:5E:64:DA:E5,Microsoft,Unknown,No
XLWUT-290184753,XLWUT-290184753,,9/20/20 4:31:53 PM EDT,131.55.165.65,B8:31:B5:2D:CB:9A,Microsoft Corporation,Windows,No
XLWUT-37583453,XLWUT-37583453,AREA52,9/30/20 9:14:12 AM EDT,131.55.165.92,B8:31:B5:2D:F1:67,Microsoft Corporation,Windows,No
xlwut-458910.area52.afnoapps.usaf.mil,XLWUT-458910,,9/14/20 12:11:02 PM EDT,131.55.157.36,00:22:20:17:BC:37,Mitac Technology Corp,Windows,No
XLWUT-491152,XLWUT-491152,AREA52,9/27/20 10:14:04 PM EDT,131.55.149.92,00:22:20:14:1F:79,Mitac Technology Corp,Windows,No
XLWUT-4B0172,XLWUT-4B0172,,9/10/20 5:11:08 PM EDT,131.55.157.88,00:22:20:29:36:B8,Mitac Technology Corp,Windows,No
XLWUT-59384753,XLWUT-59384753,AREA52,9/23/20 11:25:42 AM EDT,131.55.165.110,B8:31:B5:2D:CB:D0,Microsoft Corporation,Windows,No
XLWUT-59384753,XLWUT-59384753,AREA52,8/18/20 10:05:59 AM EDT,131.55.90.28,C0:33:5E:64:D4:11,Microsoft,Windows,No
XLWUT-606788,XLWUT-606788,AREA52,9/22/20 2:35:20 AM EDT,131.55.138.50,00:50:B6:6D:6E:20,"GOOD WAY IND. CO., LTD.",Windows,No
XLWUT-606796,XLWUT-606796,AREA52,9/10/20 10:19:22 AM EDT,131.55.138.108,24:F5:A2:F1:A3:A5,Belkin International Inc.,Windows,No
XLWUT-692384753,XLWUT-692384753,,8/17/20 4:10:14 PM EDT,131.55.90.23,C0:33:5E:64:DC:E5,Microsoft,Windows,No
XLWUT-694684753,XLWUT-694684753,AREA52,9/30/20 2:32:56 PM EDT,131.55.165.133,B8:31:B5:31:36:93,Microsoft Corporation,Windows,No
XLWUT-69484753,XLWUT-69484753,AREA52,9/17/20 12:47:34 PM EDT,131.55.163.85,B8:31:B5:39:71:25,Microsoft Corporation,Windows,No
XLWUT-75858475,XLWUT-75858475,AREA52,8/24/20 10:06:10 AM EDT,131.55.164.122,B8:31:B5:31:86:B8,Microsoft Corporation,Windows,No
xlwut-92283253.area52.afnoapps.usaf.mil,,,9/23/20 7:17:29 AM EDT,131.55.93.8,34:F3:9A:76:88:3D,Intel Corporate,Unknown,No
xlwut-99684753.area52.afnoapps.usaf.mil,,,8/17/20 8:09:11 AM EDT,131.55.94.15,F0:D5:BF:BD:56:78,Intel Corporate,Unknown,No
XLWUW-010004,XLWUW-010004,AREA52,9/30/20 10:02:03 AM EDT,131.55.101.31,B4:2E:99:A0:66:80,"GIGA-BYTE TECHNOLOGY CO.,LTD.",Windows,No
XLWUW-0428GT,XLWUW-0428GT,AREA52,9/3/20 2:10:11 PM EDT,131.55.24.146,64:51:06:47:91:CC,Hewlett Packard,Windows,No
XLWUW-092273,XLWUW-092273,,8/18/20 4:08:42 PM EDT,131.55.24.153,18:60:24:E5:29:54,Hewlett Packard,Windows,No
XLWUW-09237,XLWUW-09237,IMPAX,9/25/20 7:11:33 AM EDT,131.55.19.35,8C:DC:D4:21:53:51,Hewlett Packard,Windows,No
XLWUW-0925MZ,XLWUW-0925MZ,AREA52,9/16/20 12:15:23 PM EDT,131.55.24.161,18:60:24:E5:27:F1,Hewlett Packard,Windows,No
XLWUW-1DNS52,XLWUW-1DNS52,WORKGROUP,9/30/20 3:30:02 PM EDT,131.55.159.44,98:90:96:E2:D7:7D,Dell Inc.,Windows,No
XLWUW-1FGS52,XLWUW-1FGS52,,8/28/20 12:10:42 PM EDT,131.55.159.246,98:90:96:E2:D0:D1,Dell Inc.,Windows,No
XLWUW-3114J0,XLWUW-3114J0,,9/29/20 2:01:16 PM EDT,131.55.20.39,9C:7B:EF:AE:8E:78,Hewlett Packard,Windows,No
XLWUW-331JHW,XLWUW-331JHW,AREA52,9/4/20 2:30:25 AM EDT,131.55.163.133,DC:4A:3E:73:7F:74,Hewlett Packard,Windows,No
XLWUW-3332ZS,XLWUW-3332ZS,WORKGROUP,9/30/20 1:20:08 PM EDT,131.55.139.33,84:A9:3E:5F:09:90,Hewlett Packard,Windows,No
XLWUW-352CYG.area52.afnoapps.usaf.mil,XLWUW-352CYG,AREA52,9/8/20 10:19:11 AM EDT,131.55.210.14,40:B0:34:1F:E3:06,Hewlett Packard,Windows,No
XLWUW-352CZD,XLWUW-352CZD,AREA52,9/9/20 4:16:52 PM EDT,131.55.166.69,40:B0:34:3A:D7:DF,Hewlett Packard,Windows,No
XLWUW-373F61,XLWUW-373F61,AREA52,9/9/20 9:30:49 AM EDT,131.55.176.195,EC:8E:B5:70:37:7C,Hewlett Packard,Windows,No
XLWUW-401RH9,XLWUW-401RH9,AREA52,9/8/20 10:04:42 AM EDT,131.55.158.140,DC:4A:3E:7D:F2:70,Hewlett Packard,Windows,No
XLWUW-402W6R.area52.afnoapps.usaf.mil,XLWUW-402W6R,AREA52,9/10/20 3:18:28 PM EDT,131.55.176.173,EC:8E:B5:6D:46:2E,Hewlett Packard,Windows,No
XLWUW-40307P.area52.afnoapps.usaf.mil,XLWUW-40307P,AREA52,9/10/20 5:30:13 PM EDT,131.55.165.43,EC:B1:D7:5A:1C:B6,Hewlett Packard,Windows,No
XLWUW-411ZKL,XLWUW-411ZKL,AREA52,10/1/20 4:14:59 AM EDT,131.55.158.59,C8:D3:FF:B9:3A:7E,Hewlett Packard,Windows,No
XLWUW-421NJT,XLWUW-421NJT,,9/17/20 11:54:03 AM EDT,131.55.164.13,EC:8E:B5:71:30:44,Hewlett Packard,Windows,No
XLWUW-421NXD,XLWUW-421NXD,AREA52,8/21/20 3:49:41 PM EDT,131.55.170.103,EC:8E:B5:71:2F:44,Hewlett Packard,Windows,No
XLWUW-421NZQ,XLWUW-421NZQ,WORKGROUP,9/30/20 5:18:10 PM EDT,131.55.195.45,EC:8E:B5:76:97:12,Hewlett Packard,Windows,No
XLWUW-421P2Q,XLWUW-421P2Q,,9/29/20 10:15:14 AM EDT,131.55.195.37,EC:8E:B5:76:97:8C,Hewlett Packard,Windows,No
XLWUW-421P3J,XLWUW-421P3J,WORKGROUP,9/30/20 3:15:41 PM EDT,131.55.195.126,EC:8E:B5:76:8C:D6,Hewlett Packard,Windows,No
XLWUW-421P3M,XLWUW-421P3M,,9/28/20 10:18:56 AM EDT,131.55.195.35,EC:8E:B5:76:8A:B2,Hewlett Packard,Windows,No
XLWUW-460N2F,XLWUW-460N2F,AREA52,9/8/20 7:08:28 PM EDT,131.55.190.193,C4:34:6B:7D:0B:AD,Hewlett Packard,Windows,No
XLWUW-471P93,XLWUW-471P93,WORKGROUP,9/29/20 8:17:33 AM EDT,131.55.195.36,3C:52:82:5B:E8:09,Hewlett Packard,Windows,No
XLWUW-491S39,XLWUW-491S39,AREA52,10/1/20 5:27:59 AM EDT,131.55.192.95,E0:1A:EA:15:61:5E,"Allied Telesis, Inc.",Windows,No
XLWUW-491S42,XLWUW-491S42,AREA52,8/19/20 4:12:20 PM EDT,131.55.195.109,70:5A:0F:48:D8:66,Hewlett Packard,Windows,No
xlwuw-491S6P,XLWUW-491S6P,,10/1/20 4:04:49 AM EDT,131.55.220.23,E0:1A:EA:15:65:FE,"Allied Telesis, Inc.",Windows,No
XLWUW-502NY0,XLWUW-502NY0,,9/27/20 10:43:05 PM EDT,131.55.139.76,3C:52:82:6E:45:56,Hewlett Packard,Windows,No
XLWUW-557982,XLWUW-557982,WORKGROUP,10/1/20 5:30:12 AM EDT,131.55.192.82,04:D4:C4:06:1F:33,ASUSTek COMPUTER INC.,Windows,No
XLWUW-662771,XLWUW-662771,AREA52,9/16/20 3:12:07 AM EDT,131.55.192.101,04:D4:C4:06:1E:76,ASUSTek COMPUTER INC.,Windows,No
XLWUW-662783.area52.afnoapps.usaf.mil,XLWUW-662783,AREA52,9/8/20 4:20:18 PM EDT,131.55.192.94,B4:2E:99:61:8B:67,"GIGA-BYTE TECHNOLOGY CO.,LTD.",Windows,No
XLWUW-662787,XLWUW-662787,,9/21/20 1:21:42 PM EDT,131.55.192.137,B4:2E:99:61:89:B9,"GIGA-BYTE TECHNOLOGY CO.,LTD.",Windows,No
XLWUW-662789.area52.afnoapps.usaf.mil,XLWUW-662789,AREA52,9/9/20 10:20:38 AM EDT,131.55.192.105,B4:2E:99:61:8A:30,"GIGA-BYTE TECHNOLOGY CO.,LTD.",Windows,No
XLWUW-662795,XLWUW-662795,WORKGROUP,10/1/20 5:29:57 AM EDT,131.55.192.134,04:D4:C4:06:1F:34,ASUSTek COMPUTER INC.,Windows,No
XLWUW-662800,XLWUW-662800,,8/28/20 8:14:41 AM EDT,131.55.195.45,04:D4:C4:06:1D:2F,ASUSTek COMPUTER INC.,Windows,No
XLWUW-662802,XLWUW-662802,WORKGROUP,10/1/20 5:27:57 AM EDT,131.55.192.71,04:D4:C4:06:1D:C9,ASUSTek COMPUTER INC.,Windows,No
XLWUW-662805,XLWUW-662805,WORKGROUP,10/1/20 5:28:00 AM EDT,131.55.192.139,04:D4:C4:06:1D:28,ASUSTek COMPUTER INC.,Windows,No
XLWUW-662808,XLWUW-662808,AREA52,8/28/20 4:17:00 PM EDT,131.55.195.126,04:D4:C4:06:1E:F3,ASUSTek COMPUTER INC.,Windows,No
XLWUW-662816,XLWUW-662816,WORKGROUP,9/24/20 4:10:00 PM EDT,131.55.192.52,B4:2E:99:61:6C:3A,"GIGA-BYTE TECHNOLOGY CO.,LTD.",Windows,No
XLWUW-759861.area52.afnoapps.usaf.mil,XLWUW-759861,AREA52,9/10/20 11:40:56 AM EDT,131.55.136.164,D4:5D:64:1F:8F:42,,Windows,No
XLWUW-7NTSD2,XLWUW-7NTSD2,AREA52,9/3/20 2:12:43 PM EDT,131.55.24.39,18:66:DA:43:A1:45,Dell Inc.,Windows,No
XLWUW-AFAS20,XLWUW-AFAS20,,10/1/20 4:15:06 AM EDT,131.55.100.160,6C:3B:E5:23:1C:90,Hewlett Packard,Windows,No
XLWUW-AFAS21,XLWUW-AFAS21,,10/1/20 4:18:22 AM EDT,131.55.100.161,B4:B5:2F:DF:8A:CC,Hewlett Packard,Windows,No
XLWUW-DCKW52,XLWUW-DCKW52,AREA52,9/9/20 1:21:28 PM EDT,131.55.196.44,EC:CD:6D:74:9E:0D,"Allied Telesis, Inc.",Windows,No
XLWUW-FTB0Q2,XLWUW-FTB0Q2,AREA52,9/27/20 10:46:36 PM EDT,131.55.139.47,8C:EC:4B:78:BA:77,Dell Inc.,Windows,No
XLWUW-MirdockVM,XLWUW-MIRDOCKVM,,8/21/20 2:13:46 PM EDT,131.55.195.117,00:15:5D:C3:BB:02,Microsoft Corporation,Windows,No
XLWUW-MPS051L7C,XLWUW-MPS051L7C,AREA52,9/9/20 11:22:09 AM EDT,131.55.163.75,E0:1A:EA:37:0D:97,"Allied Telesis, Inc.",Windows,No
